index,ticker,quarter,year,priceToEarning,priceToBook,valueBeforeEbitda,dividend,roe,roa,daysReceivable,daysInventory,daysPayable,ebitOnInterest,earningPerShare,bookValuePerShare,interestMargin,nonInterestOnToi,badDebtPercentage,provisionOnBadDebt,costOfFinancing,equityOnTotalAsset,equityOnLoan,costToIncome,equityOnLiability,currentPayment,quickPayment,epsChange,ebitdaOnStock,grossProfitMargin,operatingProfitMargin,postTaxMargin,debtOnEquity,debtOnAsset,debtOnEbitda,shortOnLongDebt,assetOnEquity,capitalBalance,cashOnEquity,cashOnCapitalize,cashCirculation,revenueOnWorkCapital,capexOnFixedAsset,revenueOnAsset,postTaxOnPreTax,ebitOnRevenue,preTaxOnEbit,preProvisionOnToi,postTaxOnToi,loanOnEarnAsset,loanOnAsset,loanOnDeposit,depositOnEarnAsset,badDebtOnAsset,liquidityOnLiability,payableOnEquity,cancelDebt,ebitdaOnStockChange,bookValuePerShareChange,creditGrowth,date
2025-01-01,TMS,4,2024,37.2,1.8,19.1,,0.048,0.024,97.0,2.0,28.0,1.7,1134.0,23995.0,,,,,,0.479,,,1.6,1.6,1.6,-0.276,3173.0,0.152,0.062,0.047,0.5,0.3,4.5,0.3,2.1,794.0,0.091,0.067,71.0,3.8,-0.045,0.4,0.8,0.062,0.9,,,,,,,,,0.6,,36.059,0.028,,2025-01-01
2024-10-01,TMS,3,2024,28.4,1.9,798.1,,0.068,0.038,80.0,1.0,26.0,2.5,1567.0,23350.0,,,,,,0.506,,,1.6,1.6,1.6,0.108,86.0,0.185,0.105,0.082,0.5,0.3,145.8,0.3,2.0,679.0,0.084,0.056,56.0,4.5,-1.001,0.5,0.7,0.105,1.1,,,,,,,,,0.6,,-1.533,0.019,,2024-10-01
2024-07-01,TMS,2,2024,32.4,2.0,-447.6,,0.062,0.035,91.0,2.0,28.0,1.4,1415.0,22913.0,,,,,,0.504,,,1.6,1.4,1.4,0.079,-161.0,0.156,0.061,0.046,0.5,0.3,-79.1,0.3,2.0,506.0,0.106,0.067,65.0,4.0,-1.044,0.4,0.7,0.061,1.0,,,,,,,,,0.6,,-0.813,-0.011,,2024-07-01
2024-04-01,TMS,1,2024,38.8,2.2,-85.9,,0.057,0.032,114.0,1.0,46.0,1.1,1311.0,23166.0,,,,,,0.5,,,1.6,1.8,1.8,-0.063,-860.0,0.166,0.064,0.055,0.5,0.3,-13.3,0.2,2.0,899.0,0.111,0.069,69.0,3.2,-1.003,0.4,0.9,0.064,1.0,,,,,,,,,0.6,,1.143,0.0,,2024-04-01
2024-01-01,TMS,4,2023,29.8,1.8,-189.0,,0.061,0.036,145.0,2.0,34.0,2.4,1399.0,23158.0,,,,,,0.516,,,1.7,2.1,2.1,-0.173,-401.0,0.163,0.063,0.147,0.5,0.3,-29.5,0.2,1.9,972.0,0.114,0.063,113.0,2.5,-0.948,0.4,0.7,0.063,3.3,,,,,,,,,0.6,,-1.099,0.012,,2024-01-01
2023-10-01,TMS,3,2023,24.2,1.8,18.8,,0.076,0.048,128.0,2.0,30.0,2.1,1691.0,22887.0,,,,,,0.636,,,2.4,1.8,1.8,-0.191,4074.0,0.172,0.083,0.072,0.3,0.2,2.4,0.6,1.6,734.0,0.1,0.058,100.0,2.8,-0.164,0.4,0.8,0.083,1.0,,,,,,,,,0.4,,-0.008,0.014,,2023-10-01
2023-07-01,TMS,2,2023,18.2,1.7,17.2,,0.096,0.061,148.0,4.0,32.0,2.4,2090.0,22561.0,,,,,,0.636,,,2.4,2.2,2.1,-0.297,4106.0,0.172,0.065,0.039,0.3,0.2,2.4,0.4,1.6,965.0,0.106,0.066,120.0,2.5,-0.251,0.4,0.7,0.065,0.8,,,,,,,,,0.4,,-0.048,-0.003,,2023-07-01
2023-04-01,TMS,1,2023,12.3,1.6,15.5,,0.14,0.084,130.0,3.0,75.0,2.3,2972.0,22623.0,,,,,,0.637,,,2.4,1.6,1.6,-0.28,4313.0,0.173,0.078,0.114,0.2,0.1,1.8,0.6,1.6,761.0,0.079,0.05,57.0,2.8,-0.251,0.4,0.9,0.078,1.7,,,,,,,,,0.4,,-0.064,0.01,,2023-04-01
2023-01-01,TMS,4,2022,9.1,1.7,14.1,,0.199,0.123,114.0,1.0,26.0,125.0,4127.0,22395.0,,,,,,0.668,,,2.9,2.1,2.1,-0.14,4607.0,0.322,0.188,0.236,0.2,0.2,2.3,0.6,1.5,960.0,0.133,0.09,89.0,3.2,-0.222,0.6,0.9,0.188,1.3,,,,,,,,,0.3,,-0.001,0.048,,2023-01-01
2022-10-01,TMS,3,2022,8.4,1.9,16.2,,0.276,0.157,64.0,2.0,21.0,9.0,4798.0,21377.0,,,,,,0.63,,,2.3,1.7,1.7,-0.026,4613.0,0.17,0.103,0.195,0.2,0.2,2.2,0.9,1.6,917.0,0.171,0.094,45.0,5.7,-0.161,1.0,0.9,0.103,2.1,,,,,,,,,0.4,,-0.052,0.029,,2022-10-01
2022-07-01,TMS,2,2022,10.1,2.4,17.1,,0.287,0.165,36.0,2.0,21.0,3.6,4928.0,20766.0,,,,,,0.621,,,2.2,1.8,1.7,0.069,4866.0,0.173,0.091,0.253,0.3,0.2,2.0,0.7,1.6,889.0,0.165,0.091,18.0,10.0,-0.118,1.2,0.9,0.091,3.2,,,,,,,,,0.5,,-0.146,0.048,,2022-07-01
2022-04-01,TMS,1,2022,16.2,3.8,16.7,,0.29,0.153,32.0,1.0,29.0,6.0,4610.0,19806.0,,,,,,0.562,,,1.7,1.6,1.6,0.155,5695.0,0.088,0.059,0.149,0.2,0.1,1.7,0.4,1.8,969.0,0.214,0.101,4.0,11.3,-0.205,1.4,0.8,0.059,3.0,,,,,,,,,0.6,,0.142,-0.03,,2022-04-01
2022-01-01,TMS,4,2021,12.6,2.5,27.8,,0.233,0.131,49.0,0.0,20.0,,3992.0,20412.0,,,,,,0.566,,,1.7,2.1,2.0,0.414,4985.0,0.08,0.042,0.118,0.4,0.2,2.4,0.5,1.8,1317.0,0.29,0.089,29.0,7.5,-0.126,1.3,0.8,0.042,3.3,,,,,,,,,0.6,,-0.017,0.422,,2022-01-01
2021-10-01,TMS,3,2021,23.9,4.7,23.7,,0.206,0.106,50.0,2.0,23.0,90.2,2823.0,14353.0,,,,,,0.491,,,1.3,1.8,1.7,0.143,5072.0,0.083,0.062,0.088,0.4,0.2,2.6,0.3,2.0,954.0,0.284,0.091,28.0,7.3,-0.132,1.2,1.0,0.062,1.5,,,,,,,,,0.8,,0.081,-0.015,,2021-10-01
2021-07-01,TMS,2,2021,18.7,3.2,17.4,,0.183,0.096,27.0,3.0,32.0,7.7,2470.0,14565.0,,,,,,0.519,,,1.5,1.3,1.2,0.092,4690.0,0.082,0.052,0.082,0.3,0.2,2.6,0.8,1.9,360.0,0.211,0.106,-2.0,13.3,-0.113,1.1,0.8,0.052,2.0,,,,,,,,,0.7,,-0.059,0.132,,2021-07-01
2021-04-01,TMS,1,2021,21.1,3.7,15.3,,0.188,0.095,28.0,1.0,30.0,5.7,2263.0,12864.0,,,,,,0.484,,,1.2,1.2,1.2,-0.239,4983.0,0.104,0.07,0.092,0.4,0.2,2.8,0.6,2.1,272.0,0.285,0.149,-2.0,13.3,-0.109,1.1,0.9,0.07,1.5,,,,,,,,,0.9,,0.105,-0.378,,2021-04-01
2021-01-01,TMS,4,2020,10.5,1.5,16.6,,0.163,0.088,32.0,1.0,32.0,2.0,2975.0,20691.0,,,,,,0.553,,,1.6,1.4,1.4,0.118,4509.0,0.064,0.034,0.08,0.4,0.2,2.8,0.5,1.8,394.0,0.193,0.115,1.0,11.3,-0.107,1.0,0.9,0.034,2.5,,,,,,,,,0.6,,-0.154,0.057,,2021-01-01
2020-10-01,TMS,3,2020,8.7,1.2,11.6,,0.152,0.081,48.0,1.0,30.0,6.6,2660.0,19570.0,,,,,,0.542,,,1.5,1.6,1.6,0.112,5332.0,0.088,0.06,0.085,0.4,0.2,2.6,0.3,1.8,471.0,0.207,0.151,19.0,7.5,-0.216,0.8,0.8,0.06,1.7,,,,,,,,,0.7,,-0.064,0.049,,2020-10-01
2020-07-01,TMS,2,2020,8.0,1.0,8.8,,0.145,0.073,33.0,1.0,42.0,2.9,2392.0,18649.0,,,,,,0.529,,,1.4,1.4,1.4,0.135,5700.0,0.097,0.069,0.104,0.4,0.2,3.0,0.5,1.9,337.0,0.141,0.158,-8.0,11.1,-0.2,0.7,0.8,0.069,1.8,,,,,,,,,0.7,,-0.02,0.11,,2020-07-01
2020-04-01,TMS,1,2020,8.8,1.1,8.7,,0.137,0.07,45.0,1.0,33.0,3.4,2109.0,16800.0,,,,,,0.534,,,1.5,1.5,1.5,-0.107,5816.0,0.138,0.088,0.106,0.4,0.3,3.2,0.3,1.9,334.0,0.16,0.176,12.0,8.2,-0.198,0.7,0.9,0.088,1.4,,,,,,,,,0.7,,0.002,-0.059,,2020-04-01
2020-01-01,TMS,4,2019,7.4,1.0,7.9,,0.143,0.069,45.0,1.0,43.0,-3.3,2362.0,17857.0,,,,,,0.522,,,1.4,1.3,1.3,0.029,5805.0,0.128,0.069,0.111,0.4,0.2,2.9,0.3,1.9,218.0,0.215,0.237,2.0,8.2,-0.217,0.7,1.2,0.069,1.9,,,,,,,,,0.7,,0.148,0.017,,2020-01-01
2019-10-01,TMS,3,2019,7.4,1.0,8.4,,0.14,0.069,44.0,1.0,32.0,3.9,2296.0,17565.0,,,,,,0.53,,,1.5,1.5,1.5,-0.084,5057.0,0.114,0.077,0.091,0.4,0.3,3.4,0.3,1.9,281.0,0.192,0.232,13.0,8.2,-0.151,0.7,1.2,0.077,1.4,,,,,,,,,0.7,,-0.118,0.087,,2019-10-01
2019-07-01,TMS,2,2019,7.3,1.1,9.4,,0.162,0.076,44.0,1.0,36.0,1.8,2506.0,16153.0,,,,,,0.476,,,1.2,1.1,1.1,0.093,5733.0,0.101,0.06,0.082,0.6,0.3,3.7,0.5,2.1,105.0,0.152,0.172,9.0,8.3,-0.169,0.8,1.2,0.06,1.6,,,,,,,,,0.8,,-0.118,0.022,,2019-07-01
2019-04-01,TMS,1,2019,8.1,1.2,9.0,,0.155,0.075,40.0,1.0,32.0,3.6,2293.0,15810.0,,,,,,0.479,,,1.0,1.3,1.3,-0.022,6496.0,0.13,0.091,0.101,0.7,0.3,3.4,0.2,2.1,230.0,0.141,0.149,10.0,9.0,-0.151,0.8,1.2,0.091,1.3,,,,,,,,,1.0,,0.134,0.037,,2019-04-01
2019-01-01,TMS,4,2018,7.1,1.1,9.6,,0.162,0.074,47.0,1.0,51.0,3.7,2346.0,15239.0,,,,,,0.444,,,1.0,1.2,1.2,0.119,5728.0,0.123,0.082,0.098,0.6,0.3,3.8,0.2,2.2,178.0,0.2,0.242,-3.0,7.8,-0.142,0.8,1.2,0.082,1.4,,,,,,,,,1.0,,-0.003,0.001,,2019-01-01
2018-10-01,TMS,3,2018,7.0,1.0,9.7,,0.146,0.068,45.0,1.0,29.0,3.1,2096.0,15218.0,,,,,,0.456,,,1.1,1.6,1.6,0.208,5745.0,0.117,0.081,0.117,0.6,0.3,4.0,0.1,2.2,399.0,0.171,0.221,17.0,8.1,-0.087,0.8,1.2,0.081,1.7,,,,,,,,,0.9,,0.045,0.034,,2018-10-01
2018-07-01,TMS,2,2018,9.3,1.1,10.3,,0.125,0.059,41.0,1.0,34.0,2.7,1735.0,14714.0,,,,,,0.456,,,1.1,1.4,1.4,-0.182,5499.0,0.103,0.066,0.053,0.6,0.3,4.1,0.3,2.2,310.0,0.263,0.309,8.0,8.8,-0.077,0.9,1.4,0.066,1.1,,,,,,,,,0.9,,-0.119,0.068,,2018-07-01
2018-04-01,TMS,1,2018,8.7,1.3,8.3,,0.163,0.085,26.0,1.0,16.0,2.1,2121.0,13779.0,,,,,,0.492,,,1.2,1.1,1.1,0.044,6241.0,0.094,0.057,0.121,0.5,0.3,3.5,0.5,2.0,65.0,0.126,0.152,11.0,14.1,-0.079,1.0,1.2,0.057,2.6,,,,,,,,,0.8,,-0.153,0.006,,2018-04-01
2018-01-01,TMS,4,2017,9.5,1.4,8.1,,0.161,0.08,33.0,1.0,31.0,2.6,2031.0,13695.0,,,,,,0.469,,,1.1,1.1,1.1,-0.084,7370.0,0.093,0.06,0.048,0.5,0.3,3.3,0.4,2.1,83.0,0.17,0.176,2.0,11.2,-0.109,0.9,1.4,0.06,1.1,,,,,,,,,0.9,,0.11,0.013,,2018-01-01
2017-10-01,TMS,3,2017,12.0,2.0,10.2,,0.181,0.091,43.0,2.0,23.0,2.5,2216.0,13513.0,,,,,,0.482,,,1.2,1.6,1.6,-0.013,6639.0,0.095,0.064,0.062,0.6,0.3,3.6,0.3,2.1,329.0,0.15,0.131,21.0,8.5,-0.318,0.7,1.3,0.064,1.3,,,,,,,,,0.9,,-0.021,0.041,,2017-10-01
2017-07-01,TMS,2,2017,12.1,2.1,12.1,,0.192,0.096,54.0,2.0,46.0,3.6,2246.0,12986.0,,,,,,0.486,,,1.2,1.4,1.4,0.147,6781.0,0.123,0.091,0.117,0.6,0.3,3.7,0.3,2.1,219.0,0.181,0.124,11.0,6.7,-0.265,0.5,1.2,0.091,1.6,,,,,,,,,0.8,,0.164,0.054,,2017-07-01
2017-04-01,TMS,1,2017,11.8,1.9,15.7,,0.174,0.102,43.0,5.0,24.0,3.4,1958.0,12323.0,,,,,,0.57,,,1.4,1.5,1.5,0.062,5826.0,0.32,0.263,0.285,0.6,0.4,3.5,0.1,1.8,107.0,0.086,0.046,24.0,8.5,-0.394,0.4,1.1,0.263,1.2,,,,,,,,,0.7,,0.025,0.072,,2017-04-01
2017-01-01,TMS,4,2016,12.2,2.0,16.2,,0.178,0.101,34.0,5.0,20.0,3.8,1844.0,11497.0,,,,,,0.537,,,1.2,1.5,1.5,0.118,5682.0,0.167,0.097,0.271,0.7,0.4,3.9,0.1,1.9,105.0,0.142,0.082,20.0,10.7,-0.503,0.4,1.1,0.097,3.0,,,,,,,,,0.9,,0.008,0.042,,2017-01-01
2016-10-01,TMS,3,2016,14.7,2.2,14.4,,0.163,0.095,37.0,6.0,11.0,2.4,1649.0,11031.0,,,,,,0.536,,,1.2,2.1,2.1,-0.021,5639.0,0.278,0.208,0.261,0.7,0.4,3.7,0.1,1.9,183.0,0.165,0.105,32.0,9.9,-0.897,0.4,1.1,0.208,1.4,,,,,,,,,0.9,,-0.027,0.054,,2016-10-01
2016-07-01,TMS,2,2016,16.1,2.6,14.6,,0.176,0.105,37.0,6.0,32.0,3.5,1685.0,10465.0,,,,,,0.523,,,1.1,3.3,3.3,0.035,5795.0,0.275,0.215,0.296,0.8,0.4,3.3,0.1,1.9,422.0,0.122,0.079,11.0,9.8,-1.144,0.4,1.1,0.215,1.6,,,,,,,,,0.9,,0.049,0.025,,2016-07-01
2016-04-01,TMS,1,2016,18.6,3.0,17.4,,0.174,0.115,38.0,6.0,15.0,8.7,1627.0,10211.0,,,,,,0.61,,,1.6,1.5,1.5,-0.018,5522.0,0.292,0.23,0.3,0.5,0.3,2.7,0.3,1.6,102.0,0.113,0.059,29.0,9.5,-1.018,0.4,1.1,0.23,1.5,,,,,,,,,0.6,,0.014,0.105,,2016-04-01
2016-01-01,TMS,4,2015,22.0,3.9,16.1,,0.192,0.128,30.0,6.0,14.0,5.3,1657.0,9240.0,,,,,,0.614,,,1.6,2.2,2.1,-0.107,5448.0,0.207,0.148,0.227,0.5,0.3,2.5,0.2,1.6,194.0,0.236,0.111,23.0,12.1,-0.858,0.4,1.1,0.148,1.8,,,,,,,,,0.6,,0.077,0.009,,2016-01-01
2015-10-01,TMS,3,2015,12.1,2.5,18.9,,0.223,0.158,34.0,9.0,12.0,6.4,1856.0,9156.0,,,,,,0.654,,,1.9,2.7,2.7,0.079,5057.0,0.28,0.217,0.374,0.4,0.3,2.1,0.2,1.5,253.0,0.279,0.114,31.0,10.8,-0.52,0.4,1.1,0.217,2.0,,,,,,,,,0.5,,0.194,0.052,,2015-10-01
2015-07-01,TMS,2,2015,12.7,2.5,20.5,,0.216,0.162,39.0,7.0,24.0,6.2,1719.0,8706.0,,,,,,0.728,,,2.7,2.0,1.9,0.05,4234.0,0.232,0.183,0.271,0.3,0.2,1.8,0.5,1.4,142.0,0.219,0.09,22.0,9.4,-0.38,0.5,1.2,0.183,1.7,,,,,,,,,0.4,,0.212,0.028,,2015-07-01
2015-04-01,TMS,1,2015,11.3,2.2,18.2,,0.211,0.159,42.0,9.0,18.0,5.7,1638.0,8466.0,,,,,,0.731,,,2.7,2.4,2.3,0.089,3493.0,0.274,0.203,0.424,0.3,0.2,2.2,0.5,1.4,178.0,0.244,0.133,33.0,8.6,-0.291,0.4,1.1,0.203,2.3,,,,,,,,,0.4,,0.165,0.055,,2015-04-01
2015-01-01,TMS,4,2014,,,20.8,,0.203,0.152,37.0,11.0,19.0,8.6,1503.0,8021.0,,,,,,0.741,,,2.9,2.2,2.2,0.201,2998.0,0.233,0.186,0.455,0.3,0.2,2.4,0.6,1.3,154.0,0.228,0.122,30.0,9.7,-0.251,0.5,1.1,0.186,2.8,,,,,,,,,0.3,,0.201,0.067,,2015-01-01
2014-10-01,TMS,3,2014,,,17.2,,0.176,0.138,39.0,11.0,19.0,6.7,1251.0,7520.0,,,,,,0.789,,,3.8,1.5,1.5,0.053,2496.0,0.222,0.157,0.316,0.2,0.1,2.2,1.9,1.3,72.0,0.11,0.081,31.0,9.3,-0.145,0.5,1.1,0.157,2.3,,,,,,,,,0.3,,0.024,0.046,,2014-10-01
2014-07-01,TMS,2,2014,,,15.3,,0.175,0.133,41.0,10.0,31.0,6.6,1188.0,7186.0,,,,,,0.779,,,3.5,1.4,1.4,0.117,2436.0,0.21,0.15,0.261,0.2,0.1,2.3,1.8,1.3,57.0,0.131,0.107,19.0,8.9,-0.037,0.5,1.1,0.15,2.0,,,,,,,,,0.3,,0.145,0.019,,2014-07-01
2014-04-01,TMS,1,2014,,,18.1,,0.158,0.121,53.0,9.0,33.0,6.0,1063.0,7052.0,,,,,,0.777,,,3.5,1.6,1.6,0.035,2128.0,0.198,0.142,0.263,0.2,0.2,2.6,1.3,1.3,80.0,0.147,0.114,29.0,6.9,-0.058,0.5,1.1,0.142,2.1,,,,,,,,,0.3,,-0.082,0.042,,2014-04-01
2014-01-01,TMS,4,2013,,,13.1,,0.159,0.121,38.0,18.0,42.0,4.0,1027.0,6767.0,,,,,,0.757,,,3.1,1.5,1.4,0.102,2318.0,0.151,0.082,0.249,0.2,0.2,2.1,1.2,1.3,70.0,0.15,0.143,13.0,9.7,-0.193,0.5,1.1,0.082,3.3,,,,,,,,,0.3,,-0.065,0.015,,2014-01-01
2013-10-01,TMS,3,2013,,,15.2,,0.146,0.113,42.0,12.0,42.0,4.9,932.0,6670.0,,,,,,0.78,,,3.6,1.9,1.8,-0.031,2480.0,0.221,0.156,0.281,0.2,0.1,1.8,0.6,1.3,82.0,0.136,0.102,12.0,8.8,-0.187,0.5,1.1,0.156,2.0,,,,,,,,,0.3,,-0.06,0.043,,2013-10-01
2013-07-01,TMS,2,2013,,,9.1,,0.157,0.122,34.0,10.0,24.0,2.6,961.0,6397.0,,,,,,0.746,,,3.0,1.4,1.3,-0.035,2637.0,0.202,0.12,0.219,0.2,0.2,1.7,1.0,1.3,56.0,0.167,0.186,20.0,10.8,-0.189,0.6,1.1,0.12,2.1,,,,,,,,,0.3,,-0.242,0.0,,2013-07-01
2013-04-01,TMS,1,2013,,,7.1,,0.175,0.129,40.0,8.0,24.0,14.3,997.0,6400.0,,,,,,0.752,,,3.1,2.0,1.9,0.14,3478.0,0.228,0.17,0.22,0.2,0.2,1.9,0.5,1.3,104.0,0.179,0.214,25.0,9.0,-0.148,0.6,1.2,0.17,1.6,,,,,,,,,0.3,,0.191,0.045,,2013-04-01
2013-01-01,TMS,4,2012,,,8.9,,0.158,0.119,30.0,13.0,35.0,4.4,874.0,6125.0,,,,,,0.76,,,3.2,1.4,1.3,0.047,2922.0,0.198,0.121,0.163,0.2,0.1,1.8,0.7,1.3,49.0,0.153,0.166,8.0,12.3,-0.029,0.6,1.2,0.121,1.6,,,,,,,,,0.3,,0.011,0.003,,2013-01-01
2012-10-01,TMS,3,2012,,,8.3,,0.154,0.117,32.0,13.0,35.0,6.6,834.0,6109.0,,,,,,0.772,,,3.4,1.3,1.3,0.249,2889.0,0.233,0.167,0.266,0.1,0.1,1.7,0.8,1.3,39.0,0.127,0.151,9.0,11.5,-0.029,0.5,1.2,0.167,1.8,,,,,,,,,0.3,,0.157,0.05,,2012-10-01
2012-07-01,TMS,2,2012,,,11.5,,0.128,0.1,30.0,13.0,10.0,3.0,668.0,5820.0,,,,,,0.812,,,4.4,1.6,1.5,0.284,2497.0,0.208,0.134,0.209,0.1,0.1,1.9,1.1,1.2,50.0,0.121,0.13,33.0,12.1,-0.038,0.5,1.2,0.134,1.8,,,,,,,,,0.2,,0.076,0.162,,2012-07-01
2012-04-01,TMS,1,2012,,,13.8,,0.111,0.078,33.0,16.0,9.0,2.4,520.0,5007.0,,,,,,0.723,,,2.6,1.8,1.7,0.18,2321.0,0.217,0.122,0.204,0.3,0.2,3.8,0.4,1.4,52.0,0.12,0.119,40.0,11.1,-0.045,0.4,1.2,0.122,1.9,,,,,,,,,0.4,,0.156,0.014,,2012-04-01
2012-01-01,TMS,4,2011,,,15.8,,0.096,0.068,36.0,14.0,19.0,3.4,441.0,4937.0,,,,,,0.742,,,2.9,2.9,2.7,-0.141,2008.0,0.227,0.147,0.162,0.3,0.2,4.5,0.1,1.3,76.0,0.077,0.086,30.0,10.3,-0.019,0.4,1.2,0.147,1.3,,,,,,,,,0.3,,0.132,0.042,,2012-01-01
2011-10-01,TMS,3,2011,,,14.4,,0.116,0.079,31.0,17.0,11.0,3.0,513.0,4737.0,,,,,,0.746,,,3.0,3.5,3.2,0.034,1773.0,0.25,0.154,0.205,0.3,0.2,5.4,0.1,1.3,72.0,0.079,0.109,36.0,11.9,-0.02,0.4,1.1,0.154,1.5,,,,,,,,,0.3,,-0.217,0.029,,2011-10-01
2011-07-01,TMS,2,2011,,,14.4,,0.116,0.078,28.0,19.0,13.0,2.4,496.0,4602.0,,,,,,0.738,,,2.9,3.7,3.3,-0.043,2266.0,0.214,0.154,0.118,0.3,0.2,4.3,0.1,1.4,79.0,0.086,0.093,34.0,13.0,-0.156,0.4,1.4,0.154,1.1,,,,,,,,,0.3,,-0.044,0.055,,2011-07-01
2011-04-01,TMS,1,2011,,,14.2,,0.126,0.089,27.0,18.0,13.0,0.7,519.0,4362.0,,,,,,0.679,,,2.1,3.8,3.5,0.062,2370.0,0.187,0.007,0.137,0.4,0.3,3.5,0.1,1.5,89.0,0.114,0.116,32.0,13.3,-0.183,0.4,1.0,0.007,21.0,,,,,,,,,0.5,,-0.441,0.022,,2011-04-01
2011-01-01,TMS,4,2010,,,11.4,,0.123,0.087,28.0,13.0,14.0,3.5,489.0,4267.0,,,,,,0.668,,,2.0,4.6,4.3,0.184,4240.0,0.193,0.117,0.293,0.4,0.3,2.4,0.0,1.5,101.0,0.152,0.132,27.0,13.1,-0.384,0.4,1.2,0.117,3.0,,,,,,,,,0.5,,-0.113,0.041,,2011-01-01
2010-10-01,TMS,3,2010,,,9.4,,0.113,0.08,27.0,13.0,10.0,2.1,412.0,4098.0,,,,,,0.618,,,1.6,3.7,3.5,-0.017,4780.0,0.183,0.108,0.219,0.5,0.3,2.0,0.0,1.6,130.0,0.177,0.149,30.0,13.7,-0.444,0.4,1.1,0.108,2.2,,,,,,,,,0.6,,0.275,0.026,,2010-10-01
2010-07-01,TMS,2,2010,,,10.3,,0.126,0.09,24.0,14.0,11.0,7.5,420.0,3993.0,,,,,,0.621,,,1.6,6.1,5.8,0.107,3749.0,0.203,0.147,0.151,0.5,0.3,2.4,0.0,1.6,174.0,0.324,0.32,26.0,15.2,-0.21,0.5,1.3,0.147,1.3,,,,,,,,,0.6,,0.043,0.029,,2010-07-01
2010-04-01,TMS,1,2010,,,12.6,,0.127,0.092,24.0,13.0,15.0,9.0,379.0,3880.0,,,,,,0.744,,,2.9,3.0,2.8,0.049,3595.0,0.239,0.18,0.101,0.2,0.2,1.5,0.2,1.3,89.0,0.153,0.136,22.0,15.1,-0.163,0.5,1.5,0.18,0.8,,,,,,,,,0.3,,0.011,0.06,,2010-04-01
2010-01-01,TMS,4,2009,,,13.4,,0.126,0.099,25.0,10.0,7.0,36.6,361.0,3662.0,,,,,,0.749,,,3.0,5.1,4.9,0.219,3556.0,0.252,0.181,0.246,0.2,0.2,1.7,0.0,1.3,137.0,0.155,0.121,28.0,14.7,-0.108,0.5,1.2,0.181,1.6,,,,,,,,,0.3,,0.026,0.146,,2010-01-01
2009-10-01,TMS,3,2009,,,11.8,,0.113,0.098,20.0,7.0,2.0,96.6,296.0,3194.0,,,,,,0.873,,,6.9,3.9,3.8,0.079,3467.0,0.223,0.152,0.273,0.0,0.0,0.5,0.1,1.1,79.0,0.205,0.179,25.0,17.9,-0.14,0.6,1.2,0.152,2.1,,,,,,,,,0.1,,0.022,0.194,,2009-10-01
2009-07-01,TMS,2,2009,,,8.7,,0.118,0.106,18.0,7.0,2.0,29.0,274.0,2675.0,,,,,,0.914,,,10.7,4.1,4.0,-0.049,3393.0,0.187,0.114,0.14,0.0,0.0,0.4,,1.1,61.0,0.224,0.219,23.0,20.4,-0.108,0.7,1.2,0.114,1.5,,,,,,,,,0.1,,-0.149,0.267,,2009-07-01
2009-04-01,TMS,1,2009,,,8.2,,0.142,0.111,16.0,6.0,2.0,7.1,289.0,2111.0,,,,,,0.701,,,2.3,1.1,1.1,-0.011,3988.0,0.19,0.125,0.099,0.1,0.1,0.6,1.9,1.4,10.0,0.321,0.251,21.0,22.5,-0.11,0.7,1.3,0.125,1.1,,,,,,,,,0.4,,,0.011,,2009-04-01
2009-01-01,TMS,4,2008,,,,,0.146,0.125,21.0,6.0,1.0,-16.7,292.0,2088.0,,,,,,0.866,,,6.4,1.8,1.7,0.058,,0.17,0.105,0.139,0.1,0.1,,,1.2,20.0,0.115,,26.0,17.5,,0.8,1.4,0.105,1.9,,,,,,,,,0.2,,,0.016,,2009-01-01
2008-10-01,TMS,3,2008,,,,,0.139,0.119,14.0,5.0,1.0,,276.0,2054.0,,,,,,0.866,,,6.4,4.1,4.0,0.375,,0.213,0.129,0.211,0.1,0.0,,0.1,1.2,62.0,0.056,,18.0,27.0,,0.8,1.2,0.129,2.0,,,,,,,,,0.2,,,0.041,,2008-10-01
2008-07-01,TMS,2,2008,,,,,0.11,0.091,18.0,8.0,1.0,4.1,201.0,1973.0,,,,,,0.879,,,7.3,5.5,5.4,0.108,,0.202,0.126,0.159,0.1,0.1,,0.2,1.1,70.0,0.052,,25.0,19.8,,0.7,1.3,0.126,1.6,,,,,,,,,0.1,,,0.01,,2008-07-01
2008-04-01,TMS,1,2008,,,,,0.123,0.099,19.0,9.0,1.0,14.1,181.0,1953.0,,,,,,0.894,,,8.4,7.5,7.3,0.001,,0.234,0.137,0.099,0.1,0.1,,0.3,1.1,75.0,0.119,,27.0,19.3,,0.8,1.4,0.137,1.0,,,,,,,,,0.1,,,0.013,,2008-04-01
2008-01-01,TMS,4,2007,,,,,0.125,0.094,20.0,6.0,1.0,-22.1,181.0,1928.0,,,,,,0.847,,,5.5,4.4,4.3,0.044,,0.198,0.109,0.122,0.1,0.1,,0.3,1.2,76.0,0.116,,25.0,18.4,,0.8,1.4,0.109,1.6,,,,,,,,,0.2,,,0.009,,2008-01-01
2007-10-01,TMS,3,2007,,,,,0.121,0.097,11.0,8.0,1.0,12.1,173.0,1910.0,,,,,,0.838,,,5.2,5.2,5.1,0.008,,0.26,0.174,0.121,0.1,0.1,,0.1,1.2,89.0,0.084,,18.0,32.6,,0.8,1.4,0.174,1.0,,,,,,,,,0.2,,,0.141,,2007-10-01
2007-07-01,TMS,2,2007,,,,,0.132,0.1,16.0,15.0,2.0,14.5,172.0,1674.0,,,,,,0.776,,,3.5,3.1,3.1,-0.035,,0.273,0.189,0.147,0.1,0.1,,0.2,1.3,69.0,0.137,,29.0,23.3,,0.8,1.3,0.189,1.0,,,,,,,,,0.3,,,0.674,,2007-07-01
2007-04-01,TMS,1,2007,,,,,0.187,0.134,13.0,32.0,6.0,10.9,178.0,1000.0,,,,,,0.684,,,2.2,1.2,1.1,0.05,4937.0,0.278,0.163,0.11,0.2,0.1,0.5,0.3,1.5,7.0,0.178,,40.0,27.5,-0.117,1.1,1.4,0.163,0.9,,,,,,,,,0.5,,0.079,0.033,,2007-04-01
2007-01-01,TMS,4,2006,,,,,0.183,0.122,14.0,,294830.0,17.0,169.0,968.0,,,,,,0.618,,,1.6,1.2,1.2,0.039,4577.0,1.0,0.151,0.106,0.2,0.1,0.6,0.0,1.6,8.0,0.229,,,25.3,-0.167,1.0,1.4,0.151,1.0,,,,,,,,,0.6,,0.07,0.004,,2007-01-01
2006-10-01,TMS,3,2006,,,,,0.177,0.13,10.0,,-934.0,61.9,163.0,964.0,,,,,,0.736,,,2.8,1.3,1.2,0.027,4279.0,1.0,0.156,0.115,0.0,0.0,0.2,0.6,1.4,8.0,0.306,,,35.0,-0.259,1.0,1.4,0.156,1.0,,,,,,,,,0.4,,-0.096,0.035,,2006-10-01
2006-07-01,TMS,2,2006,,,,,0.2,0.139,9.0,,186.0,52.8,159.0,932.0,,,,,,0.729,,,2.7,1.5,1.4,0.042,4733.0,1.0,0.163,0.168,0.0,0.0,0.3,1.2,1.4,14.0,0.326,,,42.1,-0.351,1.1,1.3,0.163,1.3,,,,,,,,,0.4,,0.044,0.031,,2006-07-01
