,TradingDate,BaseStockCode,BaseClosePrice,BaseColorID,ClosePrice,ColorID,StatusID,FirstTradingDate,DueDate,ExercisePrice,ConversionRate,RemainDays,AnnualizedSigma,PriceOfCall,PriceOfPut,ticker
0,2020-06-17 17:00:00,FPT,46600,1,90,-1,2,2020-01-21 17:00:00,2020-06-21 17:00:00,56000,5,4,0.2994,0.0,1874.4785,CFPT2001
1,2020-06-16 17:00:00,FPT,46350,-1,180,1,2,2020-01-21 17:00:00,2020-06-21 17:00:00,56000,5,5,0.2997,-0.0001,1923.0983,CFPT2001
2,2020-06-15 17:00:00,FPT,46600,1,150,-1,2,2020-01-21 17:00:00,2020-06-21 17:00:00,56000,5,6,0.29960000000000003,0.0001,1871.7184,CFPT2001
3,2020-06-14 17:00:00,FPT,46000,-1,220,-1,2,2020-01-21 17:00:00,2020-06-21 17:00:00,56000,5,7,0.2995,0.0,1990.3385,CFPT2001
4,2020-06-11 17:00:00,FPT,47000,1,240,-1,2,2020-01-21 17:00:00,2020-06-21 17:00:00,56000,5,10,0.2987,0.027,1786.2274,CFPT2001
5,2020-06-10 17:00:00,FPT,46000,-1,420,-1,2,2020-01-21 17:00:00,2020-06-21 17:00:00,56000,5,11,0.2982,0.0098,1984.8316,CFPT2001
6,2020-06-09 17:00:00,FPT,48800,-1,500,-1,2,2020-01-21 17:00:00,2020-06-21 17:00:00,56000,5,12,0.29250000000000004,0.8892,1424.332,CFPT2001
7,2020-06-08 17:00:00,FPT,48950,-1,570,0,2,2020-01-21 17:00:00,2020-06-21 17:00:00,56000,5,13,0.2924,1.5084,1393.5723,CFPT2001
8,2020-06-07 17:00:00,FPT,49350,1,570,1,2,2020-01-21 17:00:00,2020-06-21 17:00:00,56000,5,14,0.2923,3.0906,1313.7759,CFPT2001
9,2020-06-04 17:00:00,FPT,48700,1,530,-1,2,2020-01-21 17:00:00,2020-06-21 17:00:00,56000,5,17,0.2924,3.3559,1439.9066,CFPT2001
10,2020-06-03 17:00:00,FPT,48400,-1,540,-1,2,2020-01-21 17:00:00,2020-06-21 17:00:00,56000,5,18,0.29300000000000004,3.1887,1498.3615,CFPT2001
11,2020-06-02 17:00:00,FPT,48650,1,550,1,2,2020-01-21 17:00:00,2020-06-21 17:00:00,56000,5,19,0.29300000000000004,4.8285,1448.6239,CFPT2001
12,2020-06-01 17:00:00,FPT,48000,-1,510,-1,2,2020-01-21 17:00:00,2020-06-21 17:00:00,56000,5,20,0.2928,3.2856,1575.7034,CFPT2001
13,2020-05-31 17:00:00,FPT,48300,1,570,1,2,2020-01-21 17:00:00,2020-06-21 17:00:00,56000,5,21,0.2931,5.0865,1516.1269,CFPT2001
14,2020-05-28 17:00:00,FPT,47950,-1,530,-1,2,2020-01-21 17:00:00,2020-06-21 17:00:00,56000,5,24,0.2932,6.0693,1582.9788,CFPT2001
15,2020-05-27 17:00:00,FPT,48000,0,570,-1,2,2020-01-21 17:00:00,2020-06-21 17:00:00,56000,5,25,0.2934,7.2317,1572.7644,CFPT2001
16,2020-05-26 17:00:00,FPT,48000,-1,620,-1,2,2020-01-21 17:00:00,2020-06-21 17:00:00,56000,5,26,0.2939,8.2727,1572.4292,CFPT2001
17,2020-05-25 17:00:00,FPT,48800,1,700,1,2,2020-01-21 17:00:00,2020-06-21 17:00:00,56000,5,27,0.2936,15.679,1418.459,CFPT2001
18,2020-05-24 17:00:00,FPT,48450,0,680,-1,2,2020-01-21 17:00:00,2020-06-21 17:00:00,56000,5,28,0.2936,13.8325,1485.2363,CFPT2001
19,2020-05-21 17:00:00,FPT,48450,-1,700,-1,2,2020-01-21 17:00:00,2020-06-21 17:00:00,56000,5,31,0.2936,18.1253,1485.4018,CFPT2001
20,2020-05-20 17:00:00,FPT,49300,1,800,0,2,2020-01-21 17:00:00,2020-06-21 17:00:00,56000,5,32,0.2932,31.2759,1327.1768,CFPT2001
21,2020-05-19 17:00:00,FPT,48900,-1,800,-1,2,2020-01-21 17:00:00,2020-06-21 17:00:00,56000,5,33,0.29350000000000004,27.1569,1401.6828,CFPT2001
22,2020-05-18 17:00:00,FPT,49250,1,820,1,2,2020-01-21 17:00:00,2020-06-21 17:00:00,56000,5,34,0.2937,34.9408,1338.0915,CFPT2001
23,2020-05-17 17:00:00,FPT,48350,1,720,1,2,2020-01-21 17:00:00,2020-06-21 17:00:00,56000,5,35,0.2937,23.234,1505.0095,CFPT2001
24,2020-05-14 17:00:00,FPT,48000,-1,700,-1,2,2020-01-21 17:00:00,2020-06-21 17:00:00,56000,5,38,0.2936,23.5035,1571.1553,CFPT2001
25,2020-05-13 17:00:00,FPT,48700,-1,800,-1,2,2020-01-21 17:00:00,2020-06-21 17:00:00,56000,5,39,0.2936,35.5646,1441.842,CFPT2001
26,2020-05-12 17:00:00,FPT,49350,1,890,1,2,2020-01-21 17:00:00,2020-06-21 17:00:00,56000,5,40,0.2933,50.5061,1325.4092,CFPT2001
27,2020-05-11 17:00:00,FPT,54400,1,550,1,2,2020-01-21 17:00:00,2020-06-21 17:00:00,56000,5,41,0.2871,301.7427,565.2723,CFPT2001
28,2020-05-10 17:00:00,FPT,54000,1,530,-1,2,2020-01-21 17:00:00,2020-06-21 17:00:00,56000,5,42,0.2872,274.7482,616.9038,CFPT2001
29,2020-05-07 17:00:00,FPT,53700,1,560,1,2,2020-01-21 17:00:00,2020-06-21 17:00:00,56000,5,45,0.2872,266.9586,664.994,CFPT2001
30,2020-05-06 17:00:00,FPT,53500,1,470,0,2,2020-01-21 17:00:00,2020-06-21 17:00:00,56000,5,46,0.2881,258.2896,694.9518,CFPT2001
31,2020-05-05 17:00:00,FPT,52900,1,470,1,2,2020-01-21 17:00:00,2020-06-21 17:00:00,56000,5,47,0.2879,221.1217,776.4108,CFPT2001
32,2020-05-04 17:00:00,FPT,50900,1,340,1,2,2020-01-21 17:00:00,2020-06-21 17:00:00,56000,5,48,0.2859,116.5964,1070.5131,CFPT2001
33,2020-05-03 17:00:00,FPT,50500,-1,300,-1,2,2020-01-21 17:00:00,2020-06-21 17:00:00,56000,5,49,0.28700000000000003,105.0935,1137.6375,CFPT2001
34,2020-04-28 17:00:00,FPT,50800,1,330,-1,2,2020-01-21 17:00:00,2020-06-21 17:00:00,56000,5,54,0.2869,133.2514,1098.9348,CFPT2001
35,2020-04-27 17:00:00,FPT,50700,0,350,-1,2,2020-01-21 17:00:00,2020-06-21 17:00:00,56000,5,55,0.28700000000000003,132.2431,1116.5553,CFPT2001
36,2020-04-26 17:00:00,FPT,50700,-1,370,-1,2,2020-01-21 17:00:00,2020-06-21 17:00:00,56000,5,56,0.2874,135.9252,1118.8658,CFPT2001
37,2020-04-23 17:00:00,FPT,51000,0,380,-1,2,2020-01-21 17:00:00,2020-06-21 17:00:00,56000,5,59,0.2873,159.5754,1078.4029,CFPT2001
38,2020-04-22 17:00:00,FPT,51000,-1,410,-1,2,2020-01-21 17:00:00,2020-06-21 17:00:00,56000,5,60,0.2876,163.3122,1080.7689,CFPT2001
39,2020-04-21 17:00:00,FPT,51100,1,460,1,2,2020-01-21 17:00:00,2020-06-21 17:00:00,56000,5,61,0.2876,171.6836,1067.7695,CFPT2001
40,2020-04-20 17:00:00,FPT,49300,-1,380,-1,2,2020-01-21 17:00:00,2020-06-21 17:00:00,56000,5,62,0.2856,97.1009,1351.8163,CFPT2001
41,2020-04-19 17:00:00,FPT,51300,1,450,0,2,2020-01-21 17:00:00,2020-06-21 17:00:00,56000,5,63,0.2828,182.3137,1035.6593,CFPT2001
42,2020-04-16 17:00:00,FPT,51200,1,450,1,2,2020-01-21 17:00:00,2020-06-21 17:00:00,56000,5,66,0.2828,187.0277,1056.2637,CFPT2001
43,2020-04-15 17:00:00,FPT,50300,1,420,1,2,2020-01-21 17:00:00,2020-06-21 17:00:00,56000,5,67,0.2826,145.9645,1193.8308,CFPT2001
44,2020-04-14 17:00:00,FPT,50100,1,390,1,2,2020-01-21 17:00:00,2020-06-21 17:00:00,56000,5,68,0.2826,140.0894,1226.5862,CFPT2001
45,2020-04-13 17:00:00,FPT,49500,1,330,1,2,2020-01-21 17:00:00,2020-06-21 17:00:00,56000,5,69,0.28350000000000003,119.6217,1324.7491,CFPT2001
46,2020-04-12 17:00:00,FPT,46500,1,210,0,2,2020-01-21 17:00:00,2020-06-21 17:00:00,56000,5,70,0.2762,37.620400000000004,1841.3792,CFPT2001
47,2020-04-09 17:00:00,FPT,46400,-1,210,-1,2,2020-01-21 17:00:00,2020-06-21 17:00:00,56000,5,73,0.27640000000000003,39.8574,1859.5096,CFPT2001
48,2020-04-08 17:00:00,FPT,46850,0,250,1,2,2020-01-21 17:00:00,2020-06-21 17:00:00,56000,5,74,0.27640000000000003,49.0818,1777.366,CFPT2001
49,2020-04-07 17:00:00,FPT,46850,-1,230,-1,2,2020-01-21 17:00:00,2020-06-21 17:00:00,56000,5,75,0.27640000000000003,50.4918,1777.4077,CFPT2001
50,2020-04-06 17:00:00,FPT,47300,-1,310,1,2,2020-01-21 17:00:00,2020-06-21 17:00:00,56000,5,76,0.2762,61.2387,1696.7865,CFPT2001
51,2020-04-05 17:00:00,FPT,47500,1,300,1,2,2020-01-21 17:00:00,2020-06-21 17:00:00,56000,5,77,0.27640000000000003,67.6984,1661.8787,CFPT2001
52,2020-04-02 17:00:00,FPT,44600,1,150,1,2,2020-01-21 17:00:00,2020-06-21 17:00:00,56000,5,80,0.27,20.7586,2190.8359,CFPT2001
53,2020-03-31 17:00:00,FPT,42300,1,100,0,2,2020-01-21 17:00:00,2020-06-21 17:00:00,56000,5,82,0.2646,6.3082,2633.6515,CFPT2001
54,2020-03-30 17:00:00,FPT,41100,1,100,1,2,2020-01-21 17:00:00,2020-06-21 17:00:00,56000,5,83,0.2631,3.1828,2869.1591,CFPT2001
55,2020-03-29 17:00:00,FPT,40400,-1,90,-1,2,2020-01-21 17:00:00,2020-06-21 17:00:00,56000,5,84,0.2627,2.1536,3006.7636,CFPT2001
56,2020-03-26 17:00:00,FPT,43100,-1,160,-1,2,2020-01-21 17:00:00,2020-06-21 17:00:00,56000,5,87,0.255,9.2855,2469.796,CFPT2001
57,2020-03-25 17:00:00,FPT,44200,-1,240,-1,2,2020-01-21 17:00:00,2020-06-21 17:00:00,56000,5,88,0.2538,16.1838,2255.3287,CFPT2001
58,2020-03-24 17:00:00,FPT,46000,1,420,1,2,2020-01-21 17:00:00,2020-06-21 17:00:00,56000,5,89,0.2508,35.04,1912.8189,CFPT2001
59,2020-03-23 17:00:00,FPT,44500,1,390,1,2,2020-01-21 17:00:00,2020-06-21 17:00:00,56000,5,90,0.249,17.9193,2194.3324,CFPT2001
60,2020-03-22 17:00:00,FPT,44400,-2,350,-1,2,2020-01-21 17:00:00,2020-06-21 17:00:00,56000,5,91,0.249,17.6554,2212.7029,CFPT2001
61,2020-03-19 17:00:00,FPT,47700,0,400,0,2,2020-01-21 17:00:00,2020-06-21 17:00:00,56000,5,94,0.23920000000000002,63.7425,1594.6946,CFPT2001
62,2020-03-18 17:00:00,FPT,47700,-1,400,-1,2,2020-01-21 17:00:00,2020-06-21 17:00:00,56000,5,95,0.23920000000000002,65.0636,1594.6512,CFPT2001
63,2020-03-17 17:00:00,FPT,48400,-1,480,-1,2,2020-01-21 17:00:00,2020-06-21 17:00:00,56000,5,96,0.23900000000000002,85.0263,1473.2491,CFPT2001
64,2020-03-16 17:00:00,FPT,48500,1,530,1,2,2020-01-21 17:00:00,2020-06-21 17:00:00,56000,5,97,0.23900000000000002,89.6016,1456.4598,CFPT2001
65,2020-03-15 17:00:00,FPT,47600,-1,400,-1,2,2020-01-21 17:00:00,2020-06-21 17:00:00,56000,5,98,0.2384,65.8061,1611.2998,CFPT2001
66,2020-03-12 17:00:00,FPT,48150,1,680,-2,2,2020-01-21 17:00:00,2020-06-21 17:00:00,56000,5,101,0.2381,84.2359,1515.6378,CFPT2001
67,2020-03-11 17:00:00,FPT,48100,-1,1350,2,2,2020-01-21 17:00:00,2020-06-21 17:00:00,56000,5,102,0.23820000000000002,84.3746,1524.4126,CFPT2001
68,2020-03-10 17:00:00,FPT,50800,-1,650,-1,2,2020-01-21 17:00:00,2020-06-21 17:00:00,56000,5,103,0.2361,192.4173,1091.0923,CFPT2001
69,2020-03-09 17:00:00,FPT,51700,1,750,1,2,2020-01-21 17:00:00,2020-06-21 17:00:00,56000,5,104,0.2354,245.8521,963.1636,CFPT2001
70,2020-03-08 17:00:00,FPT,50300,-2,640,-1,2,2020-01-21 17:00:00,2020-06-21 17:00:00,56000,5,105,0.234,167.7706,1163.7189,CFPT2001
71,2020-03-05 17:00:00,FPT,54000,-1,980,-1,2,2020-01-21 17:00:00,2020-06-21 17:00:00,56000,5,108,0.2233,405.3629,657.2227,CFPT2001
72,2020-03-04 17:00:00,FPT,54600,-1,1050,-1,2,2020-01-21 17:00:00,2020-06-21 17:00:00,56000,5,109,0.22310000000000002,463.6166,594.1139,CFPT2001
73,2020-03-03 17:00:00,FPT,55500,-1,1160,-1,2,2020-01-21 17:00:00,2020-06-21 17:00:00,56000,5,110,0.2225,557.1853,506.3206,CFPT2001
74,2020-03-02 17:00:00,FPT,55900,1,1230,0,2,2020-01-21 17:00:00,2020-06-21 17:00:00,56000,5,111,0.22240000000000001,604.0024,471.7754,CFPT2001
75,2020-03-01 17:00:00,FPT,55700,1,1230,1,2,2020-01-21 17:00:00,2020-06-21 17:00:00,56000,5,112,0.2225,584.9866,491.3975,CFPT2001
76,2020-02-27 17:00:00,FPT,55100,-1,1140,-1,2,2020-01-21 17:00:00,2020-06-21 17:00:00,56000,5,115,0.22340000000000002,531.9664,554.2926,CFPT2001
77,2020-02-26 17:00:00,FPT,56000,1,1250,1,2,2020-01-21 17:00:00,2020-06-21 17:00:00,56000,5,116,0.2227,631.0619,472.0266,CFPT2001
78,2020-02-25 17:00:00,FPT,55000,1,1110,1,2,2020-01-21 17:00:00,2020-06-21 17:00:00,56000,5,117,0.2222,524.5199,564.1238,CFPT2001
79,2020-02-24 17:00:00,FPT,54000,1,1040,1,2,2020-01-21 17:00:00,2020-06-21 17:00:00,56000,5,118,0.22160000000000002,429.2178,667.4606,CFPT2001
80,2020-02-23 17:00:00,FPT,52500,-1,1010,-1,2,2020-01-21 17:00:00,2020-06-21 17:00:00,56000,5,119,0.22010000000000002,305.3639,842.2458,CFPT2001
81,2020-02-20 17:00:00,FPT,54700,-1,1160,-1,2,2020-01-21 17:00:00,2020-06-21 17:00:00,56000,5,122,0.21610000000000001,493.1133,585.9139,CFPT2001
82,2020-02-19 17:00:00,FPT,55800,1,1320,1,2,2020-01-21 17:00:00,2020-06-21 17:00:00,56000,5,123,0.21530000000000002,610.2171,481.6574,CFPT2001
83,2020-02-18 17:00:00,FPT,55700,-1,1280,1,2,2020-01-21 17:00:00,2020-06-21 17:00:00,56000,5,124,0.21530000000000002,601.8603,491.9406,CFPT2001
84,2020-02-17 17:00:00,FPT,56000,1,1250,1,2,2020-01-21 17:00:00,2020-06-21 17:00:00,56000,5,125,0.2152,638.2756,466.9964,CFPT2001
85,2020-02-16 17:00:00,FPT,54200,-1,1120,0,2,2020-01-21 17:00:00,2020-06-21 17:00:00,56000,5,126,0.21280000000000002,447.2687,634.6298,CFPT2001
86,2020-02-13 17:00:00,FPT,54500,1,1120,0,2,2020-01-21 17:00:00,2020-06-21 17:00:00,56000,5,129,0.2129,484.0326,607.3158,CFPT2001
87,2020-02-12 17:00:00,FPT,54300,1,1120,-1,2,2020-01-21 17:00:00,2020-06-21 17:00:00,56000,5,130,0.21330000000000002,468.3676,630.2918,CFPT2001
88,2020-02-11 17:00:00,FPT,54100,1,1200,1,2,2020-01-21 17:00:00,2020-06-21 17:00:00,56000,5,131,0.2134,452.3404,652.9057,CFPT2001
89,2020-02-10 17:00:00,FPT,53600,1,1070,1,2,2020-01-21 17:00:00,2020-06-21 17:00:00,56000,5,132,0.21610000000000001,416.5055,715.7125,CFPT2001
90,2020-02-09 17:00:00,FPT,52600,-1,1060,1,2,2020-01-21 17:00:00,2020-06-21 17:00:00,56000,5,133,0.2159,336.315,834.1635,CFPT2001
91,2020-02-06 17:00:00,FPT,53300,-1,1050,-1,2,2020-01-21 17:00:00,2020-06-21 17:00:00,56000,5,136,0.2154,398.681,752.4552,CFPT2001
92,2020-02-05 17:00:00,FPT,53600,1,1140,1,2,2020-01-21 17:00:00,2020-06-21 17:00:00,56000,5,137,0.21580000000000002,428.1544,720.5707,CFPT2001
93,2020-02-04 17:00:00,FPT,52000,1,990,1,2,2020-01-21 17:00:00,2020-06-21 17:00:00,56000,5,138,0.21400000000000002,298.915,909.9735,CFPT2001
94,2020-02-03 17:00:00,FPT,51800,1,890,-1,2,2020-01-21 17:00:00,2020-06-21 17:00:00,56000,5,139,0.2141,287.3953,937.0967,CFPT2001
95,2020-02-02 17:00:00,FPT,51500,-1,950,-1,2,2020-01-21 17:00:00,2020-06-21 17:00:00,56000,5,140,0.2141,269.3949,977.7389,CFPT2001
96,2020-01-30 17:00:00,FPT,52000,-1,1200,0,2,2020-01-21 17:00:00,2020-06-21 17:00:00,56000,5,143,0.21380000000000002,309.1749,913.4482,CFPT2001
97,2020-01-29 17:00:00,FPT,54700,-1,1200,-1,2,2020-01-21 17:00:00,2020-06-21 17:00:00,56000,5,144,0.20770000000000002,528.3477,591.2642,CFPT2001
98,2020-01-21 17:00:00,FPT,56500,1,1380,-1,2,2020-01-21 17:00:00,2020-06-21 17:00:00,56000,5,152,0.20500000000000002,741.9121,433.9818,CFPT2001
0,2020-06-17 17:00:00,FPT,46600,1,960,-1,2,2020-02-13 17:00:00,2020-07-21 17:00:00,56000,5,34,0.2994,8.4763,1841.627,CFPT2002
1,2020-06-16 17:00:00,FPT,46350,-1,1130,-1,2,2020-02-13 17:00:00,2020-07-21 17:00:00,56000,5,35,0.2997,7.9935,1889.7691,CFPT2002
2,2020-06-15 17:00:00,FPT,46600,1,1350,1,2,2020-02-13 17:00:00,2020-07-21 17:00:00,56000,5,36,0.29960000000000003,10.1924,1840.593,CFPT2002
3,2020-06-14 17:00:00,FPT,46000,-1,990,-1,2,2020-02-13 17:00:00,2020-07-21 17:00:00,56000,5,37,0.2995,7.6652000000000005,1956.6916,CFPT2002
4,2020-06-11 17:00:00,FPT,47000,1,1340,1,2,2020-02-13 17:00:00,2020-07-21 17:00:00,56000,5,40,0.2987,17.1223,1762.0254,CFPT2002
5,2020-06-10 17:00:00,FPT,46000,-1,1250,-1,2,2020-02-13 17:00:00,2020-07-21 17:00:00,56000,5,41,0.2982,10.3888,1953.9183,CFPT2002
6,2020-06-09 17:00:00,FPT,48800,-1,1700,-1,2,2020-02-13 17:00:00,2020-07-21 17:00:00,56000,5,42,0.29250000000000004,42.8883,1425.0439,CFPT2002
7,2020-06-08 17:00:00,FPT,48950,-1,1730,-1,2,2020-02-13 17:00:00,2020-07-21 17:00:00,56000,5,43,0.2924,48.0386,1398.8204,CFPT2002
8,2020-06-07 17:00:00,FPT,49350,1,2030,1,2,2020-02-13 17:00:00,2020-07-21 17:00:00,56000,5,44,0.2923,59.574,1328.9828,CFPT2002
9,2020-06-04 17:00:00,FPT,48700,1,1830,1,2,2020-02-13 17:00:00,2020-07-21 17:00:00,56000,5,47,0.2924,51.2816,1446.5707,CFPT2002
10,2020-06-03 17:00:00,FPT,48400,-1,1720,0,2,2020-02-13 17:00:00,2020-07-21 17:00:00,56000,5,48,0.29300000000000004,47.3945,1501.3112,CFPT2002
11,2020-06-02 17:00:00,FPT,48650,1,1720,1,2,2020-02-13 17:00:00,2020-07-21 17:00:00,56000,5,49,0.29300000000000004,54.8405,1457.3844,CFPT2002
12,2020-06-01 17:00:00,FPT,48000,-1,1630,-1,2,2020-02-13 17:00:00,2020-07-21 17:00:00,56000,5,50,0.2928,43.2713,1574.4427,CFPT2002
13,2020-05-31 17:00:00,FPT,48300,1,1820,0,2,2020-02-13 17:00:00,2020-07-21 17:00:00,56000,5,51,0.2931,51.3529,1521.152,CFPT2002
14,2020-05-28 17:00:00,FPT,47950,-1,1820,1,2,2020-02-13 17:00:00,2020-07-21 17:00:00,56000,5,54,0.2932,49.9106,1585.594,CFPT2002
15,2020-05-27 17:00:00,FPT,48000,0,1800,1,2,2020-02-13 17:00:00,2020-07-21 17:00:00,56000,5,55,0.2934,52.9763,1577.2885,CFPT2002
16,2020-05-26 17:00:00,FPT,48000,-1,1690,-1,2,2020-02-13 17:00:00,2020-07-21 17:00:00,56000,5,56,0.2939,55.2451,1578.1857,CFPT2002
17,2020-05-25 17:00:00,FPT,48800,1,1850,1,2,2020-02-13 17:00:00,2020-07-21 17:00:00,56000,5,57,0.2936,77.1113,1438.6806,CFPT2002
18,2020-05-24 17:00:00,FPT,48450,0,1620,-1,2,2020-02-13 17:00:00,2020-07-21 17:00:00,56000,5,58,0.2936,69.8865,1500.0846,CFPT2002
19,2020-05-21 17:00:00,FPT,48450,-1,1830,-1,2,2020-02-13 17:00:00,2020-07-21 17:00:00,56000,5,61,0.2936,76.4605,1502.5465,CFPT2002
20,2020-05-20 17:00:00,FPT,49300,1,1910,1,2,2020-02-13 17:00:00,2020-07-21 17:00:00,56000,5,62,0.2932,104.8751,1359.5905,CFPT2002
21,2020-05-19 17:00:00,FPT,48900,-1,1850,1,2,2020-02-13 17:00:00,2020-07-21 17:00:00,56000,5,63,0.29350000000000004,94.3618,1427.7073,CFPT2002
22,2020-05-18 17:00:00,FPT,49250,1,1450,1,2,2020-02-13 17:00:00,2020-07-21 17:00:00,56000,5,64,0.2937,108.8662,1370.8415,CFPT2002
23,2020-05-17 17:00:00,FPT,48350,1,1170,1,2,2020-02-13 17:00:00,2020-07-21 17:00:00,56000,5,65,0.2937,82.5531,1523.1584,CFPT2002
24,2020-05-14 17:00:00,FPT,48000,-1,1100,1,2,2020-02-13 17:00:00,2020-07-21 17:00:00,56000,5,68,0.2936,79.0797,1585.5764,CFPT2002
25,2020-05-13 17:00:00,FPT,48700,-1,1000,1,2,2020-02-13 17:00:00,2020-07-21 17:00:00,56000,5,69,0.2936,102.3828,1467.5103,CFPT2002
26,2020-05-12 17:00:00,FPT,49350,1,950,1,2,2020-02-13 17:00:00,2020-07-21 17:00:00,56000,5,70,0.2933,127.9297,1361.6885,CFPT2002
27,2020-05-11 17:00:00,FPT,54400,1,780,-1,2,2020-02-13 17:00:00,2020-07-21 17:00:00,56000,5,71,0.2871,446.0106,668.4004,CFPT2002
28,2020-05-10 17:00:00,FPT,54000,1,800,1,2,2020-02-13 17:00:00,2020-07-21 17:00:00,56000,5,72,0.2872,414.5053,715.5262,CFPT2002
29,2020-05-07 17:00:00,FPT,53700,1,770,1,2,2020-02-13 17:00:00,2020-07-21 17:00:00,56000,5,75,0.2872,401.0207,757.9366,CFPT2002
30,2020-05-06 17:00:00,FPT,53500,1,700,1,2,2020-02-13 17:00:00,2020-07-21 17:00:00,56000,5,76,0.2881,389.9629,785.5106,CFPT2002
31,2020-05-05 17:00:00,FPT,52900,1,640,1,2,2020-02-13 17:00:00,2020-07-21 17:00:00,56000,5,77,0.2879,345.6258,859.8061,CFPT2002
32,2020-05-04 17:00:00,FPT,50900,1,600,1,2,2020-02-13 17:00:00,2020-07-21 17:00:00,56000,5,78,0.2859,213.9554,1126.7678,CFPT2002
33,2020-05-03 17:00:00,FPT,50500,-1,560,-1,2,2020-02-13 17:00:00,2020-07-21 17:00:00,56000,5,79,0.28700000000000003,197.2144,1188.6592,CFPT2002
34,2020-04-28 17:00:00,FPT,50800,1,610,1,2,2020-02-13 17:00:00,2020-07-21 17:00:00,56000,5,84,0.2869,228.5436,1153.1536,CFPT2002
35,2020-04-27 17:00:00,FPT,50700,0,580,-1,2,2020-02-13 17:00:00,2020-07-21 17:00:00,56000,5,85,0.28700000000000003,226.1099,1169.3533,CFPT2002
36,2020-04-26 17:00:00,FPT,50700,-1,600,-1,2,2020-02-13 17:00:00,2020-07-21 17:00:00,56000,5,86,0.2874,229.7925,1171.6694,CFPT2002
37,2020-04-23 17:00:00,FPT,51000,0,670,-1,2,2020-02-13 17:00:00,2020-07-21 17:00:00,56000,5,89,0.2873,256.3478,1134.1268,CFPT2002
38,2020-04-22 17:00:00,FPT,51000,-1,700,0,2,2020-02-13 17:00:00,2020-07-21 17:00:00,56000,5,90,0.2876,259.9668,1136.3799,CFPT2002
39,2020-04-21 17:00:00,FPT,51100,1,700,1,2,2020-02-13 17:00:00,2020-07-21 17:00:00,56000,5,91,0.2876,269.2097,1124.2571,CFPT2002
40,2020-04-20 17:00:00,FPT,49300,-1,580,-1,2,2020-02-13 17:00:00,2020-07-21 17:00:00,56000,5,92,0.2856,172.3259,1386.0084,CFPT2002
41,2020-04-19 17:00:00,FPT,51300,1,710,-1,2,2020-02-13 17:00:00,2020-07-21 17:00:00,56000,5,93,0.2828,279.3251,1091.6423,CFPT2002
42,2020-04-16 17:00:00,FPT,51200,1,720,1,2,2020-02-13 17:00:00,2020-07-21 17:00:00,56000,5,96,0.2828,282.1412,1110.364,CFPT2002
43,2020-04-15 17:00:00,FPT,50300,1,690,1,2,2020-02-13 17:00:00,2020-07-21 17:00:00,56000,5,97,0.2826,231.1001,1237.9583,CFPT2002
44,2020-04-14 17:00:00,FPT,50100,1,530,1,2,2020-02-13 17:00:00,2020-07-21 17:00:00,56000,5,98,0.2826,222.8959,1268.3896,CFPT2002
45,2020-04-13 17:00:00,FPT,49500,1,500,1,2,2020-02-13 17:00:00,2020-07-21 17:00:00,56000,5,99,0.28350000000000003,196.1183,1360.2482,CFPT2002
46,2020-04-12 17:00:00,FPT,46500,1,440,1,2,2020-02-13 17:00:00,2020-07-21 17:00:00,56000,5,100,0.2762,78.9321,1841.6979,CFPT2002
47,2020-04-09 17:00:00,FPT,46400,-1,380,-1,2,2020-02-13 17:00:00,2020-07-21 17:00:00,56000,5,103,0.27640000000000003,81.0319,1859.7068,CFPT2002
48,2020-04-08 17:00:00,FPT,46850,0,420,1,2,2020-02-13 17:00:00,2020-07-21 17:00:00,56000,5,104,0.27640000000000003,94.7935,1782.105,CFPT2002
49,2020-04-07 17:00:00,FPT,46850,-1,370,-1,2,2020-02-13 17:00:00,2020-07-21 17:00:00,56000,5,105,0.27640000000000003,96.4066,1782.3548,CFPT2002
50,2020-04-06 17:00:00,FPT,47300,-1,390,1,2,2020-02-13 17:00:00,2020-07-21 17:00:00,56000,5,106,0.2762,111.6669,1706.2525,CFPT2002
51,2020-04-05 17:00:00,FPT,47500,1,340,1,2,2020-02-13 17:00:00,2020-07-21 17:00:00,56000,5,107,0.27640000000000003,120.3532,1673.5758,CFPT2002
52,2020-04-02 17:00:00,FPT,44600,1,290,1,2,2020-02-13 17:00:00,2020-07-21 17:00:00,56000,5,110,0.27,46.4236,2175.559,CFPT2002
53,2020-03-31 17:00:00,FPT,42300,1,250,1,2,2020-02-13 17:00:00,2020-07-21 17:00:00,56000,5,112,0.2646,17.9669,2604.3778,CFPT2002
54,2020-03-30 17:00:00,FPT,41100,1,200,-1,2,2020-02-13 17:00:00,2020-07-21 17:00:00,56000,5,113,0.2631,10.4456,2835.4947,CFPT2002
55,2020-03-29 17:00:00,FPT,40400,-1,290,-1,2,2020-02-13 17:00:00,2020-07-21 17:00:00,56000,5,114,0.2627,7.6321,2971.3198,CFPT2002
56,2020-03-26 17:00:00,FPT,43100,-1,360,-1,2,2020-02-13 17:00:00,2020-07-21 17:00:00,56000,5,117,0.255,23.3001,2442.904,CFPT2002
57,2020-03-25 17:00:00,FPT,44200,-1,440,-1,2,2020-02-13 17:00:00,2020-07-21 17:00:00,56000,5,118,0.2538,35.97,2234.2128,CFPT2002
58,2020-03-24 17:00:00,FPT,46000,1,480,1,2,2020-02-13 17:00:00,2020-07-21 17:00:00,56000,5,119,0.2508,66.3777,1903.2596,CFPT2002
59,2020-03-23 17:00:00,FPT,44500,1,290,-1,2,2020-02-13 17:00:00,2020-07-21 17:00:00,56000,5,120,0.249,38.4799,2174.001,CFPT2002
60,2020-03-22 17:00:00,FPT,44400,-2,300,-1,2,2020-02-13 17:00:00,2020-07-21 17:00:00,56000,5,121,0.249,37.8115,2191.9725,CFPT2002
61,2020-03-19 17:00:00,FPT,47700,0,500,-1,2,2020-02-13 17:00:00,2020-07-21 17:00:00,56000,5,124,0.23920000000000002,105.303,1595.3833,CFPT2002
62,2020-03-18 17:00:00,FPT,47700,-1,700,0,2,2020-02-13 17:00:00,2020-07-21 17:00:00,56000,5,125,0.23920000000000002,106.7392,1595.46,CFPT2002
63,2020-03-17 17:00:00,FPT,48400,-1,700,-1,2,2020-02-13 17:00:00,2020-07-21 17:00:00,56000,5,126,0.23900000000000002,132.7096,1480.0707,CFPT2002
64,2020-03-16 17:00:00,FPT,48500,1,960,-1,2,2020-02-13 17:00:00,2020-07-21 17:00:00,56000,5,127,0.23900000000000002,138.2153,1464.2167,CFPT2002
65,2020-03-15 17:00:00,FPT,47600,-1,1050,-1,2,2020-02-13 17:00:00,2020-07-21 17:00:00,56000,5,128,0.2384,106.6714,1611.3139,CFPT2002
66,2020-03-12 17:00:00,FPT,48150,1,1150,-1,2,2020-02-13 17:00:00,2020-07-21 17:00:00,56000,5,131,0.2381,129.8125,1520.3778,CFPT2002
67,2020-03-11 17:00:00,FPT,48100,-1,1250,-1,2,2020-02-13 17:00:00,2020-07-21 17:00:00,56000,5,132,0.23820000000000002,129.6496,1528.8566,CFPT2002
68,2020-03-10 17:00:00,FPT,50800,-1,1290,-1,2,2020-02-13 17:00:00,2020-07-21 17:00:00,56000,5,133,0.2361,258.9635,1116.8119,CFPT2002
69,2020-03-09 17:00:00,FPT,51700,1,1410,-1,2,2020-02-13 17:00:00,2020-07-21 17:00:00,56000,5,134,0.2354,318.6652,995.1552,CFPT2002
70,2020-03-08 17:00:00,FPT,50300,-2,1580,-1,2,2020-02-13 17:00:00,2020-07-21 17:00:00,56000,5,135,0.234,229.4676,1184.5994,CFPT2002
71,2020-03-05 17:00:00,FPT,54000,-1,1660,0,2,2020-02-13 17:00:00,2020-07-21 17:00:00,56000,5,138,0.2233,486.6307,697.6892,CFPT2002
72,2020-03-04 17:00:00,FPT,54600,-1,1660,1,2,2020-02-13 17:00:00,2020-07-21 17:00:00,56000,5,139,0.22310000000000002,546.961,636.6625,CFPT2002
73,2020-03-03 17:00:00,FPT,55500,-1,1650,0,2,2020-02-13 17:00:00,2020-07-21 17:00:00,56000,5,140,0.2225,642.7485,551.0925,CFPT2002
74,2020-03-02 17:00:00,FPT,55900,1,1650,0,2,2020-02-13 17:00:00,2020-07-21 17:00:00,56000,5,141,0.22240000000000001,690.0791,517.0659,CFPT2002
75,2020-03-01 17:00:00,FPT,55700,1,1650,0,2,2020-02-13 17:00:00,2020-07-21 17:00:00,56000,5,142,0.2225,670.4108,536.0405,CFPT2002
76,2020-02-27 17:00:00,FPT,55100,-1,1650,-1,2,2020-02-13 17:00:00,2020-07-21 17:00:00,56000,5,145,0.22340000000000002,615.3475,596.9075,CFPT2002
77,2020-02-26 17:00:00,FPT,56000,1,1670,1,2,2020-02-13 17:00:00,2020-07-21 17:00:00,56000,5,146,0.2227,715.9641,516.1676,CFPT2002
78,2020-02-25 17:00:00,FPT,55000,1,1650,-1,2,2020-02-13 17:00:00,2020-07-21 17:00:00,56000,5,147,0.2222,606.7368,605.5846,CFPT2002
79,2020-02-24 17:00:00,FPT,54000,1,1700,-1,2,2020-02-13 17:00:00,2020-07-21 17:00:00,56000,5,148,0.22160000000000002,507.5224,705.0141,CFPT2002
80,2020-02-23 17:00:00,FPT,52500,-1,1730,-1,2,2020-02-13 17:00:00,2020-07-21 17:00:00,56000,5,149,0.22010000000000002,375.6423,871.7782,CFPT2002
81,2020-02-20 17:00:00,FPT,54700,-1,1980,-1,2,2020-02-13 17:00:00,2020-07-21 17:00:00,56000,5,152,0.21610000000000001,571.4269,623.4965,CFPT2002
82,2020-02-19 17:00:00,FPT,55800,1,2060,1,2,2020-02-13 17:00:00,2020-07-21 17:00:00,56000,5,153,0.21530000000000002,690.8429,521.5573,CFPT2002
83,2020-02-18 17:00:00,FPT,55700,-1,2040,0,2,2020-02-13 17:00:00,2020-07-21 17:00:00,56000,5,154,0.21530000000000002,682.0463,531.4061,CFPT2002
84,2020-02-17 17:00:00,FPT,56000,1,2040,1,2,2020-02-13 17:00:00,2020-07-21 17:00:00,56000,5,155,0.2152,718.7272,506.7321,CFPT2002
85,2020-02-16 17:00:00,FPT,54200,-1,2020,1,2,2020-02-13 17:00:00,2020-07-21 17:00:00,56000,5,156,0.21280000000000002,522.0231,668.6732,CFPT2002
86,2020-02-13 17:00:00,FPT,54500,1,1950,-1,2,2020-02-13 17:00:00,2020-07-21 17:00:00,56000,5,159,0.2129,559.2365,641.8239,CFPT2002
0,2020-06-17 17:00:00,FPT,46600,1,9510,1,2,2020-04-22 17:00:00,2020-11-08 17:00:00,56000,5,144,0.2994,188.7869,1871.7035,CFPT2003
1,2020-06-16 17:00:00,FPT,46350,-1,9490,-1,2,2020-04-22 17:00:00,2020-11-08 17:00:00,56000,5,145,0.2997,180.8123,1912.3723,CFPT2003
2,2020-06-15 17:00:00,FPT,46600,1,9510,1,2,2020-04-22 17:00:00,2020-11-08 17:00:00,56000,5,146,0.29960000000000003,192.9074,1873.1109,CFPT2003
3,2020-06-14 17:00:00,FPT,46000,-1,9280,-1,2,2020-04-22 17:00:00,2020-11-08 17:00:00,56000,5,147,0.2995,170.185,1969.0328,CFPT2003
4,2020-06-11 17:00:00,FPT,47000,1,9950,-1,2,2020-04-22 17:00:00,2020-11-08 17:00:00,56000,5,150,0.2987,216.761,1811.5416,CFPT2003
5,2020-06-10 17:00:00,FPT,46000,-1,10020,-1,2,2020-04-22 17:00:00,2020-11-08 17:00:00,56000,5,151,0.2982,175.1177,1968.5427,CFPT2003
6,2020-06-09 17:00:00,FPT,48800,-1,11560,-1,2,2020-04-22 17:00:00,2020-11-08 17:00:00,56000,5,152,0.29250000000000004,302.3941,1534.4637,CFPT2003
7,2020-06-08 17:00:00,FPT,48950,-1,12150,-1,2,2020-04-22 17:00:00,2020-11-08 17:00:00,56000,5,153,0.2924,313.3131,1514.0275,CFPT2003
8,2020-06-07 17:00:00,FPT,49350,1,12450,1,2,2020-04-22 17:00:00,2020-11-08 17:00:00,56000,5,154,0.2923,339.9089,1459.2687,CFPT2003
9,2020-06-04 17:00:00,FPT,48700,1,11620,-1,2,2020-04-22 17:00:00,2020-11-08 17:00:00,56000,5,157,0.2924,307.689,1552.9851,CFPT2003
10,2020-06-03 17:00:00,FPT,48400,-1,11970,1,2,2020-04-22 17:00:00,2020-11-08 17:00:00,56000,5,158,0.29300000000000004,293.9452,1597.8868,CFPT2003
11,2020-06-02 17:00:00,FPT,48650,1,11820,1,2,2020-04-22 17:00:00,2020-11-08 17:00:00,56000,5,159,0.29300000000000004,310.5538,1563.1413,CFPT2003
12,2020-06-01 17:00:00,FPT,48000,-1,11460,-1,2,2020-04-22 17:00:00,2020-11-08 17:00:00,56000,5,160,0.2928,275.7265,1656.9598,CFPT2003
13,2020-05-31 17:00:00,FPT,48300,1,11630,1,2,2020-04-22 17:00:00,2020-11-08 17:00:00,56000,5,161,0.2931,295.0537,1614.9337,CFPT2003
14,2020-05-28 17:00:00,FPT,47950,-1,11280,-1,2,2020-04-22 17:00:00,2020-11-08 17:00:00,56000,5,164,0.2932,282.2506,1668.0699,CFPT2003
15,2020-05-27 17:00:00,FPT,48000,0,11740,-1,2,2020-04-22 17:00:00,2020-11-08 17:00:00,56000,5,165,0.2934,287.5097,1661.9762,CFPT2003
16,2020-05-26 17:00:00,FPT,48000,-1,12290,1,2,2020-04-22 17:00:00,2020-11-08 17:00:00,56000,5,166,0.2939,290.6762,1663.7897,CFPT2003
17,2020-05-25 17:00:00,FPT,48800,1,12150,1,2,2020-04-22 17:00:00,2020-11-08 17:00:00,56000,5,167,0.2936,338.8584,1550.619,CFPT2003
18,2020-05-24 17:00:00,FPT,48450,0,11790,-1,2,2020-04-22 17:00:00,2020-11-08 17:00:00,56000,5,168,0.2936,320.0321,1600.4404,CFPT2003
19,2020-05-21 17:00:00,FPT,48450,-1,12300,-1,2,2020-04-22 17:00:00,2020-11-08 17:00:00,56000,5,171,0.2936,326.5739,1602.925,CFPT2003
20,2020-05-20 17:00:00,FPT,49300,1,12500,1,2,2020-04-22 17:00:00,2020-11-08 17:00:00,56000,5,172,0.2932,381.1487,1486.1482,CFPT2003
21,2020-05-19 17:00:00,FPT,48900,-1,12450,-1,2,2020-04-22 17:00:00,2020-11-08 17:00:00,56000,5,173,0.29350000000000004,358.3574,1542.005,CFPT2003
22,2020-05-18 17:00:00,FPT,49250,1,12460,1,2,2020-04-22 17:00:00,2020-11-08 17:00:00,56000,5,174,0.2937,383.6902,1495.9861,CFPT2003
23,2020-05-17 17:00:00,FPT,48350,1,11850,-1,2,2020-04-22 17:00:00,2020-11-08 17:00:00,56000,5,175,0.2937,329.4999,1620.4442,CFPT2003
24,2020-05-14 17:00:00,FPT,48000,-1,11930,-1,2,2020-04-22 17:00:00,2020-11-08 17:00:00,56000,5,178,0.2936,315.1277,1672.0188,CFPT2003
25,2020-05-13 17:00:00,FPT,48700,-1,12350,-1,2,2020-04-22 17:00:00,2020-11-08 17:00:00,56000,5,179,0.2936,359.3552,1574.8959,CFPT2003
26,2020-05-12 17:00:00,FPT,49350,1,12830,1,2,2020-04-22 17:00:00,2020-11-08 17:00:00,56000,5,180,0.2933,403.2177,1487.4076,CFPT2003
27,2020-05-11 17:00:00,FPT,54400,1,10240,-1,2,2020-04-22 17:00:00,2020-11-08 17:00:00,56000,5,181,0.2871,823.7647,896.6041,CFPT2003
28,2020-05-10 17:00:00,FPT,54000,1,10320,1,2,2020-04-22 17:00:00,2020-11-08 17:00:00,56000,5,182,0.2872,785.5052,936.9942,CFPT2003
29,2020-05-07 17:00:00,FPT,53700,1,10280,1,2,2020-04-22 17:00:00,2020-11-08 17:00:00,56000,5,185,0.2872,763.5884,971.0277,CFPT2003
30,2020-05-06 17:00:00,FPT,53500,1,10110,1,2,2020-04-22 17:00:00,2020-11-08 17:00:00,56000,5,186,0.2881,749.1622,995.2518,CFPT2003
31,2020-05-05 17:00:00,FPT,52900,1,9730,1,2,2020-04-22 17:00:00,2020-11-08 17:00:00,56000,5,187,0.2879,693.3599,1058.1004,CFPT2003
32,2020-05-04 17:00:00,FPT,50900,1,8400,0,2,2020-04-22 17:00:00,2020-11-08 17:00:00,56000,5,188,0.2859,516.5335,1279.9246,CFPT2003
33,2020-05-03 17:00:00,FPT,50500,-1,8400,-1,2,2020-04-22 17:00:00,2020-11-08 17:00:00,56000,5,189,0.28700000000000003,490.7973,1332.8392,CFPT2003
34,2020-04-28 17:00:00,FPT,50800,1,8810,1,2,2020-04-22 17:00:00,2020-11-08 17:00:00,56000,5,194,0.2869,525.8999,1301.199,CFPT2003
35,2020-04-27 17:00:00,FPT,50700,0,8350,-1,2,2020-04-22 17:00:00,2020-11-08 17:00:00,56000,5,195,0.28700000000000003,520.6613,1314.6122,CFPT2003
36,2020-04-26 17:00:00,FPT,50700,-1,8680,1,2,2020-04-22 17:00:00,2020-11-08 17:00:00,56000,5,196,0.2874,524.1676,1316.7704,CFPT2003
37,2020-04-23 17:00:00,FPT,51000,0,8460,-1,2,2020-04-22 17:00:00,2020-11-08 17:00:00,56000,5,199,0.2873,555.1802,1283.7403,CFPT2003
38,2020-04-22 17:00:00,FPT,51000,-1,8980,1,2,2020-04-22 17:00:00,2020-11-08 17:00:00,56000,5,200,0.2876,558.4506,1285.6633,CFPT2003
0,2020-06-17 17:00:00,FPT,46600,1,6760,1,2,2020-04-22 17:00:00,2020-08-09 17:00:00,56000,5,53,0.2994,29.2808,1836.3361,CFPT2004
1,2020-06-16 17:00:00,FPT,46350,-1,6710,-1,2,2020-04-22 17:00:00,2020-08-09 17:00:00,56000,5,54,0.2997,27.5054,1883.1888,CFPT2004
2,2020-06-15 17:00:00,FPT,46600,1,6880,1,2,2020-04-22 17:00:00,2020-08-09 17:00:00,56000,5,55,0.29960000000000003,32.0935,1836.4056,CFPT2004
3,2020-06-14 17:00:00,FPT,46000,-1,6780,-1,2,2020-04-22 17:00:00,2020-08-09 17:00:00,56000,5,56,0.2995,25.6266,1948.5672,CFPT2004
4,2020-06-11 17:00:00,FPT,47000,1,7290,-1,2,2020-04-22 17:00:00,2020-08-09 17:00:00,56000,5,59,0.2987,43.9333,1762.7608,CFPT2004
5,2020-06-10 17:00:00,FPT,46000,-1,7330,-1,2,2020-04-22 17:00:00,2020-08-09 17:00:00,56000,5,60,0.2982,29.8192,1947.2758,CFPT2004
6,2020-06-09 17:00:00,FPT,48800,-1,8980,-1,2,2020-04-22 17:00:00,2020-08-09 17:00:00,56000,5,61,0.29250000000000004,85.5247,1441.6107,CFPT2004
7,2020-06-08 17:00:00,FPT,48950,-1,9410,-1,2,2020-04-22 17:00:00,2020-08-09 17:00:00,56000,5,62,0.2924,92.4481,1417.1635,CFPT2004
8,2020-06-07 17:00:00,FPT,49350,1,9830,1,2,2020-04-22 17:00:00,2020-08-09 17:00:00,56000,5,63,0.2923,108.3098,1351.6553,CFPT2004
9,2020-06-04 17:00:00,FPT,48700,1,9010,-1,2,2020-04-22 17:00:00,2020-08-09 17:00:00,56000,5,66,0.2924,94.0898,1463.3258,CFPT2004
10,2020-06-03 17:00:00,FPT,48400,-1,9160,-1,2,2020-04-22 17:00:00,2020-08-09 17:00:00,56000,5,67,0.29300000000000004,87.7729,1515.6393,CFPT2004
11,2020-06-02 17:00:00,FPT,48650,1,9190,1,2,2020-04-22 17:00:00,2020-08-09 17:00:00,56000,5,68,0.29300000000000004,97.7788,1474.2756,CFPT2004
12,2020-06-01 17:00:00,FPT,48000,-1,9000,-1,2,2020-04-22 17:00:00,2020-08-09 17:00:00,56000,5,69,0.2928,80.4169,1585.5444,CFPT2004
13,2020-05-31 17:00:00,FPT,48300,1,9030,1,2,2020-04-22 17:00:00,2020-08-09 17:00:00,56000,5,70,0.2931,91.5003,1535.2591,CFPT2004
14,2020-05-28 17:00:00,FPT,47950,-1,8710,-1,2,2020-04-22 17:00:00,2020-08-09 17:00:00,56000,5,73,0.2932,87.6473,1597.2996,CFPT2004
15,2020-05-27 17:00:00,FPT,48000,0,8950,-1,2,2020-04-22 17:00:00,2020-08-09 17:00:00,56000,5,74,0.2934,91.3979,1589.6821,CFPT2004
16,2020-05-26 17:00:00,FPT,48000,-1,9750,1,2,2020-04-22 17:00:00,2020-08-09 17:00:00,56000,5,75,0.2939,94.0094,1590.9253,CFPT2004
17,2020-05-25 17:00:00,FPT,48800,1,9590,1,2,2020-04-22 17:00:00,2020-08-09 17:00:00,56000,5,76,0.2936,122.7347,1458.2824,CFPT2004
18,2020-05-24 17:00:00,FPT,48450,0,9390,-1,2,2020-04-22 17:00:00,2020-08-09 17:00:00,56000,5,77,0.2936,112.6421,1516.8223,CFPT2004
19,2020-05-21 17:00:00,FPT,48450,-1,9860,-1,2,2020-04-22 17:00:00,2020-08-09 17:00:00,56000,5,80,0.2936,119.5579,1519.6352,CFPT2004
20,2020-05-20 17:00:00,FPT,49300,1,10030,1,2,2020-04-22 17:00:00,2020-08-09 17:00:00,56000,5,81,0.2932,154.8415,1383.552,CFPT2004
21,2020-05-19 17:00:00,FPT,48900,-1,10010,1,2,2020-04-22 17:00:00,2020-08-09 17:00:00,56000,5,82,0.29350000000000004,141.2189,1448.5622,CFPT2004
22,2020-05-18 17:00:00,FPT,49250,1,9880,1,2,2020-04-22 17:00:00,2020-08-09 17:00:00,56000,5,83,0.2937,158.6079,1394.5842,CFPT2004
23,2020-05-17 17:00:00,FPT,48350,1,9340,-1,2,2020-04-22 17:00:00,2020-08-09 17:00:00,56000,5,84,0.2937,125.2636,1539.8736,CFPT2004
24,2020-05-14 17:00:00,FPT,48000,-1,9460,-1,2,2020-04-22 17:00:00,2020-08-09 17:00:00,56000,5,87,0.2936,119.3792,1599.8897,CFPT2004
25,2020-05-13 17:00:00,FPT,48700,-1,9880,-1,2,2020-04-22 17:00:00,2020-08-09 17:00:00,56000,5,88,0.2936,147.9759,1487.1208,CFPT2004
26,2020-05-12 17:00:00,FPT,49350,1,10310,1,2,2020-04-22 17:00:00,2020-08-09 17:00:00,56000,5,89,0.2933,178.272,1386.051,CFPT2004
27,2020-05-11 17:00:00,FPT,54400,1,7880,1,2,2020-04-22 17:00:00,2020-08-09 17:00:00,56000,5,90,0.2871,523.7968,720.2099,CFPT2004
28,2020-05-10 17:00:00,FPT,54000,1,7770,-1,2,2020-04-22 17:00:00,2020-08-09 17:00:00,56000,5,91,0.2872,490.4937,765.5412,CFPT2004
29,2020-05-07 17:00:00,FPT,53700,1,8440,1,2,2020-04-22 17:00:00,2020-08-09 17:00:00,56000,5,94,0.2872,474.7281,805.6802,CFPT2004
30,2020-05-06 17:00:00,FPT,53500,1,7620,1,2,2020-04-22 17:00:00,2020-08-09 17:00:00,56000,5,95,0.2881,462.7303,832.3179,CFPT2004
31,2020-05-05 17:00:00,FPT,52900,1,7360,1,2,2020-04-22 17:00:00,2020-08-09 17:00:00,56000,5,96,0.2879,415.4014,903.6243,CFPT2004
32,2020-05-04 17:00:00,FPT,50900,1,6030,1,2,2020-04-22 17:00:00,2020-08-09 17:00:00,56000,5,97,0.2859,272.0652,1158.9234,CFPT2004
33,2020-05-03 17:00:00,FPT,50500,-1,5830,-1,2,2020-04-22 17:00:00,2020-08-09 17:00:00,56000,5,98,0.28700000000000003,252.9931,1218.4868,CFPT2004
34,2020-04-28 17:00:00,FPT,50800,1,6360,1,2,2020-04-22 17:00:00,2020-08-09 17:00:00,56000,5,103,0.2869,285.4389,1184.1138,CFPT2004
35,2020-04-27 17:00:00,FPT,50700,0,6190,-1,2,2020-04-22 17:00:00,2020-08-09 17:00:00,56000,5,104,0.28700000000000003,282.3169,1199.6284,CFPT2004
36,2020-04-26 17:00:00,FPT,50700,-1,6220,-1,2,2020-04-22 17:00:00,2020-08-09 17:00:00,56000,5,105,0.2874,285.9646,1201.9128,CFPT2004
37,2020-04-23 17:00:00,FPT,51000,0,6500,-1,2,2020-04-22 17:00:00,2020-08-09 17:00:00,56000,5,108,0.2873,313.7091,1165.569,CFPT2004
38,2020-04-22 17:00:00,FPT,51000,-1,6580,1,2,2020-04-22 17:00:00,2020-08-09 17:00:00,56000,5,109,0.2876,317.2479,1167.7452,CFPT2004
0,2020-06-17 17:00:00,FPT,46600,1,5730,-1,2,2020-04-26 17:00:00,2020-06-30 17:00:00,56000,5,13,0.2994,0.0959,1862.1598,CFPT2005
1,2020-06-16 17:00:00,FPT,46350,-1,5770,-1,2,2020-04-26 17:00:00,2020-06-30 17:00:00,56000,5,14,0.2997,0.1114,1910.7966,CFPT2005
2,2020-06-15 17:00:00,FPT,46600,1,5860,1,2,2020-04-26 17:00:00,2020-06-30 17:00:00,56000,5,15,0.29960000000000003,0.23650000000000002,1859.5438,CFPT2005
3,2020-06-14 17:00:00,FPT,46000,-1,5500,-1,2,2020-04-26 17:00:00,2020-06-30 17:00:00,56000,5,16,0.2995,0.16290000000000002,1978.0919,CFPT2005
4,2020-06-11 17:00:00,FPT,47000,1,6500,-1,2,2020-04-26 17:00:00,2020-06-30 17:00:00,56000,5,19,0.2987,1.2254,1775.0209,CFPT2005
5,2020-06-10 17:00:00,FPT,46000,-1,7590,-1,2,2020-04-26 17:00:00,2020-06-30 17:00:00,56000,5,20,0.2982,0.5576,1972.9755,CFPT2005
6,2020-06-09 17:00:00,FPT,48800,-1,8430,-1,2,2020-04-26 17:00:00,2020-06-30 17:00:00,56000,5,21,0.29250000000000004,7.4824,1418.5228,CFPT2005
7,2020-06-08 17:00:00,FPT,48950,-1,8910,-1,2,2020-04-26 17:00:00,2020-06-30 17:00:00,56000,5,22,0.2924,9.6264,1389.29,CFPT2005
8,2020-06-07 17:00:00,FPT,49350,1,9270,1,2,2020-04-26 17:00:00,2020-06-30 17:00:00,56000,5,23,0.2923,14.4381,1312.7245,CFPT2005
9,2020-06-04 17:00:00,FPT,48700,1,8440,-1,2,2020-04-26 17:00:00,2020-06-30 17:00:00,56000,5,26,0.2924,12.9918,1437.1483,CFPT2005
10,2020-06-03 17:00:00,FPT,48400,-1,8530,1,2,2020-04-26 17:00:00,2020-06-30 17:00:00,56000,5,27,0.29300000000000004,11.964,1494.7441,CFPT2005
11,2020-06-02 17:00:00,FPT,48650,1,8460,1,2,2020-04-26 17:00:00,2020-06-30 17:00:00,56000,5,28,0.29300000000000004,15.5359,1446.9397,CFPT2005
12,2020-06-01 17:00:00,FPT,48000,-1,8030,-1,2,2020-04-26 17:00:00,2020-06-30 17:00:00,56000,5,29,0.2928,11.2494,1571.2771,CFPT2005
13,2020-05-31 17:00:00,FPT,48300,1,8320,1,2,2020-04-26 17:00:00,2020-06-30 17:00:00,56000,5,30,0.2931,15.053,1513.7052,CFPT2005
14,2020-05-28 17:00:00,FPT,47950,-1,8270,-1,2,2020-04-26 17:00:00,2020-06-30 17:00:00,56000,5,33,0.2932,15.7881,1580.314,CFPT2005
15,2020-05-27 17:00:00,FPT,48000,0,8310,-1,2,2020-04-26 17:00:00,2020-06-30 17:00:00,56000,5,34,0.2934,17.664,1570.8146,CFPT2005
16,2020-05-26 17:00:00,FPT,48000,-1,8800,-1,2,2020-04-26 17:00:00,2020-06-30 17:00:00,56000,5,35,0.2939,19.2108,1570.9863,CFPT2005
17,2020-05-25 17:00:00,FPT,48800,1,8890,1,2,2020-04-26 17:00:00,2020-06-30 17:00:00,56000,5,36,0.2936,31.3899,1421.7905,CFPT2005
18,2020-05-24 17:00:00,FPT,48450,0,8510,-1,2,2020-04-26 17:00:00,2020-06-30 17:00:00,56000,5,37,0.2936,27.9035,1486.9299,CFPT2005
19,2020-05-21 17:00:00,FPT,48450,-1,8920,-1,2,2020-04-26 17:00:00,2020-06-30 17:00:00,56000,5,40,0.2936,33.28,1488.1831,CFPT2005
20,2020-05-20 17:00:00,FPT,49300,1,9310,1,2,2020-04-26 17:00:00,2020-06-30 17:00:00,56000,5,41,0.2932,51.6987,1335.2282,CFPT2005
21,2020-05-19 17:00:00,FPT,48900,-1,9300,-1,2,2020-04-26 17:00:00,2020-06-30 17:00:00,56000,5,42,0.29350000000000004,45.4766,1407.6322,CFPT2005
22,2020-05-18 17:00:00,FPT,49250,1,9430,1,2,2020-04-26 17:00:00,2020-06-30 17:00:00,56000,5,43,0.2937,55.6535,1346.4353,CFPT2005
23,2020-05-17 17:00:00,FPT,48350,1,8460,-1,2,2020-04-26 17:00:00,2020-06-30 17:00:00,56000,5,44,0.2937,39.0814,1508.4902,CFPT2005
24,2020-05-14 17:00:00,FPT,48000,-1,8760,-1,2,2020-04-26 17:00:00,2020-06-30 17:00:00,56000,5,47,0.2936,38.3509,1573.64,CFPT2005
25,2020-05-13 17:00:00,FPT,48700,-1,9490,-1,2,2020-04-26 17:00:00,2020-06-30 17:00:00,56000,5,48,0.2936,54.2227,1448.1394,CFPT2005
26,2020-05-12 17:00:00,FPT,49350,1,9580,1,2,2020-04-26 17:00:00,2020-06-30 17:00:00,56000,5,49,0.2933,72.8702,1335.4141,CFPT2005
27,2020-05-11 17:00:00,FPT,54400,1,7340,1,2,2020-04-26 17:00:00,2020-06-30 17:00:00,56000,5,50,0.2871,348.6869,599.8583,CFPT2005
28,2020-05-10 17:00:00,FPT,54000,1,7020,1,2,2020-04-26 17:00:00,2020-06-30 17:00:00,56000,5,51,0.2872,319.9993,649.7983,CFPT2005
29,2020-05-07 17:00:00,FPT,53700,1,6980,1,2,2020-04-26 17:00:00,2020-06-30 17:00:00,56000,5,54,0.2872,310.0869,695.7703,CFPT2005
30,2020-05-06 17:00:00,FPT,53500,1,6780,-1,2,2020-04-26 17:00:00,2020-06-30 17:00:00,56000,5,55,0.2881,300.5212,724.8334,CFPT2005
31,2020-05-05 17:00:00,FPT,52900,1,6880,1,2,2020-04-26 17:00:00,2020-06-30 17:00:00,56000,5,56,0.2879,260.7301,803.6707,CFPT2005
32,2020-05-04 17:00:00,FPT,50900,1,6130,-1,2,2020-04-26 17:00:00,2020-06-30 17:00:00,56000,5,57,0.2859,146.4294,1087.9986,CFPT2005
33,2020-05-03 17:00:00,FPT,50500,-1,6350,-1,2,2020-04-26 17:00:00,2020-06-30 17:00:00,56000,5,58,0.28700000000000003,133.0839,1153.282,CFPT2005
34,2020-04-28 17:00:00,FPT,50800,1,7000,1,2,2020-04-26 17:00:00,2020-06-30 17:00:00,56000,5,63,0.2869,162.4872,1115.8328,CFPT2005
35,2020-04-27 17:00:00,FPT,50700,0,6800,1,2,2020-04-26 17:00:00,2020-06-30 17:00:00,56000,5,64,0.28700000000000003,160.999,1132.9744,CFPT2005
36,2020-04-26 17:00:00,FPT,50700,-1,6680,1,2,2020-04-26 17:00:00,2020-06-30 17:00:00,56000,5,65,0.2874,164.6975,1135.3029,CFPT2005
0,2020-06-17 17:00:00,FPT,46600,1,1590,-1,2,2020-06-15 17:00:00,2020-10-28 17:00:00,56000,5,133,0.2994,167.9924,1865.8408,CFPT2006
1,2020-06-16 17:00:00,FPT,46350,-1,1620,1,2,2020-06-15 17:00:00,2020-10-28 17:00:00,56000,5,134,0.2997,160.6258,1907.1159,CFPT2006
2,2020-06-15 17:00:00,FPT,46600,1,1610,1,2,2020-06-15 17:00:00,2020-10-28 17:00:00,56000,5,135,0.29960000000000003,172.0822,1867.214,CFPT2006
