open,high,low,close,volume,tradingDate
10785.0,12883.0,10785.0,12883.0,34390,2007-10-15
13483.0,16179.0,13483.0,15979.0,1126680,2007-10-22
16778.0,20173.0,16379.0,20173.0,2207570,2007-10-29
21172.0,22370.0,19176.0,19176.0,1121020,2007-11-05
18276.0,18276.0,16779.0,17077.0,1177080,2007-11-12
16977.0,17078.0,14482.0,14580.0,905240,2007-11-19
14979.0,15878.0,14881.0,15878.0,569660,2007-11-26
16378.0,16973.0,15880.0,16379.0,756820,2007-12-03
15780.0,15979.0,14881.0,14981.0,309800,2007-12-10
14981.0,15878.0,14981.0,15280.0,258860,2007-12-17
15479.0,15480.0,14881.0,14981.0,284110,2007-12-24
14979.0,15081.0,14281.0,14380.0,103720,2008-01-02
14181.0,14182.0,12783.0,12883.0,416070,2008-01-07
12583.0,12784.0,11684.0,12484.0,448500,2008-01-14
12483.0,12484.0,10586.0,10986.0,422900,2008-01-21
11085.0,13082.0,10986.0,13082.0,460940,2008-01-28
13082.0,13083.0,11784.0,11784.0,265660,2008-02-12
11683.0,11684.0,9867.0,9867.0,462900,2008-02-18
10286.0,10286.0,8669.0,8669.0,482990,2008-02-25
8250.0,8250.0,7470.0,8209.0,202180,2008-03-03
8609.0,8609.0,7509.0,7509.0,743770,2008-03-10
7151.0,7151.0,5853.0,5853.0,342020,2008-03-17
5573.0,5573.0,5014.0,5133.0,474240,2008-03-24
5174.0,5332.0,5174.0,5332.0,70750,2008-03-31
5432.0,5532.0,5033.0,5033.0,432140,2008-04-07
4934.0,5014.0,4854.0,4914.0,106910,2008-04-16
4834.0,4834.0,4513.0,4513.0,12280,2008-04-21
4433.0,4495.0,4355.0,4355.0,159030,2008-04-28
4275.0,4275.0,3956.0,3956.0,13400,2008-05-05
3955.0,3955.0,3657.0,3657.0,2300,2008-05-12
3596.0,3596.0,3356.0,3356.0,88440,2008-05-19
3295.0,3295.0,3295.0,3295.0,1270,2008-05-26
3176.0,3176.0,2935.0,2935.0,6360,2008-06-02
2896.0,2896.0,2597.0,2677.0,221790,2008-06-09
2716.0,2796.0,2577.0,2577.0,342400,2008-06-16
2597.0,2796.0,2517.0,2616.0,511090,2008-06-23
2558.0,2835.0,2558.0,2835.0,828040,2008-06-30
2917.0,3076.0,2676.0,3076.0,962410,2008-07-07
3156.0,3494.0,3155.0,3314.0,1258040,2008-07-14
3234.0,3234.0,2915.0,2915.0,42580,2008-07-21
2835.0,2975.0,2597.0,2597.0,665800,2008-07-28
2536.0,2536.0,2357.0,2417.0,513000,2008-08-04
2478.0,2658.0,2476.0,2658.0,671390,2008-08-11
2775.0,2775.0,2437.0,2736.0,982190,2008-08-18
2857.0,3433.0,2857.0,3433.0,1926760,2008-08-25
3596.0,3956.0,3596.0,3956.0,807140,2008-09-03
3776.0,3953.0,3095.0,3095.0,1387300,2008-09-08
3156.0,3236.0,2697.0,2857.0,748620,2008-09-15
2996.0,2997.0,2697.0,2777.0,555970,2008-09-22
2698.0,2778.0,2437.0,2736.0,565650,2008-09-29
2636.0,2676.0,2235.0,2322.0,777270,2008-10-06
2389.0,2453.0,2215.0,2388.0,392120,2008-10-13
2389.0,2389.0,2215.0,2215.0,222060,2008-10-20
2106.0,2215.0,2018.0,2171.0,353680,2008-10-27
2062.0,2237.0,2019.0,2040.0,366160,2008-11-03
2106.0,2300.0,1997.0,2300.0,122970,2008-11-10
2410.0,2519.0,2128.0,2128.0,1170250,2008-11-17
2106.0,2171.0,1974.0,2062.0,577160,2008-11-24
2062.0,2127.0,1975.0,1996.0,382790,2008-12-01
1954.0,1955.0,1824.0,1955.0,248550,2008-12-08
2020.0,2020.0,1825.0,1911.0,161050,2008-12-15
1911.0,1933.0,1780.0,1889.0,167060,2008-12-22
1933.0,1955.0,1889.0,1889.0,111670,2008-12-29
1911.0,1911.0,1846.0,1911.0,32330,2009-01-02
1954.0,1998.0,1824.0,1889.0,217250,2009-01-05
1889.0,1911.0,1846.0,1889.0,135080,2009-01-12
1889.0,1889.0,1802.0,1802.0,115850,2009-01-19
1758.0,1780.0,1564.0,1629.0,102890,2009-02-02
1651.0,1651.0,1433.0,1542.0,206150,2009-02-09
1607.0,1672.0,1432.0,1454.0,340810,2009-02-16
1432.0,1454.0,1282.0,1303.0,438940,2009-02-23
1303.0,1498.0,1282.0,1498.0,678090,2009-03-02
1563.0,1694.0,1520.0,1564.0,974030,2009-03-09
1585.0,1651.0,1520.0,1520.0,675620,2009-03-16
1519.0,1629.0,1476.0,1629.0,835180,2009-03-23
1585.0,1824.0,1564.0,1824.0,699150,2009-03-30
1911.0,2171.0,1910.0,2171.0,1496300,2009-04-07
2281.0,2736.0,2281.0,2497.0,2265230,2009-04-13
2388.0,2389.0,2018.0,2040.0,1370530,2009-04-20
2128.0,2322.0,2128.0,2322.0,150520,2009-04-27
2432.0,2648.0,2432.0,2648.0,2132900,2009-05-04
2604.0,2779.0,2517.0,2757.0,2132000,2009-05-11
2736.0,3147.0,2714.0,2952.0,2967300,2009-05-18
3083.0,3214.0,2930.0,3039.0,1935500,2009-05-25
3125.0,3713.0,3038.0,3713.0,1992020,2009-06-01
3886.0,4255.0,3713.0,4255.0,2848100,2009-06-08
4126.0,4343.0,3497.0,3497.0,2064650,2009-06-15
3408.0,3474.0,3170.0,3256.0,1518790,2009-06-22
3214.0,3366.0,2887.0,2996.0,2188350,2009-06-29
3062.0,3581.0,3040.0,3365.0,2755960,2009-07-06
3212.0,3453.0,3061.0,3429.0,1849360,2009-07-13
3283.0,3453.0,3161.0,3453.0,1230080,2009-07-20
3526.0,3696.0,3234.0,3429.0,2104280,2009-07-27
3429.0,3623.0,3331.0,3550.0,1633050,2009-08-03
3672.0,3720.0,3526.0,3550.0,1883020,2009-08-10
3550.0,3891.0,3453.0,3891.0,2887940,2009-08-17
3891.0,4012.0,3672.0,3842.0,2722170,2009-08-24
3939.0,4620.0,3891.0,4280.0,5114340,2009-08-31
4255.0,4523.0,4085.0,4280.0,4084070,2009-09-07
4280.0,4401.0,4109.0,4255.0,3027460,2009-09-14
4280.0,4523.0,4255.0,4523.0,4560830,2009-09-21
4742.0,4742.0,4012.0,4085.0,4708820,2009-09-28
4134.0,4304.0,3939.0,4255.0,2384020,2009-10-05
4353.0,4717.0,4304.0,4498.0,4618370,2009-10-12
4523.0,5593.0,4523.0,5155.0,7198010,2009-10-19
5058.0,5933.0,4742.0,5933.0,7699990,2009-10-26
5933.0,6225.0,5301.0,5301.0,7910060,2009-11-02
5058.0,5277.0,4644.0,5277.0,4969610,2009-11-09
5398.0,5593.0,5106.0,5106.0,5395050,2009-11-16
5106.0,5228.0,4207.0,4255.0,4206100,2009-11-23
4328.0,4644.0,4207.0,4596.0,4196660,2009-11-30
4742.0,4742.0,3963.0,3963.0,3743710,2009-12-07
4134.0,4231.0,3720.0,3963.0,2737390,2009-12-14
4012.0,4353.0,3915.0,4353.0,3499390,2009-12-21
4255.0,4717.0,4255.0,4377.0,4051820,2009-12-28
4523.0,4863.0,4474.0,4523.0,5680950,2010-01-04
4547.0,4596.0,4061.0,4182.0,3088750,2010-01-11
4061.0,4158.0,3769.0,3842.0,2226160,2010-01-18
3842.0,4036.0,3745.0,3793.0,1198840,2010-01-25
3793.0,3940.0,3720.0,3793.0,1106430,2010-02-01
3720.0,3939.0,3720.0,3939.0,693880,2010-02-08
4040.0,4065.0,3814.0,3864.0,745820,2010-02-22
3889.0,4266.0,3889.0,4165.0,1922780,2010-03-01
4240.0,4516.0,4165.0,4240.0,2733350,2010-03-08
4266.0,4316.0,4015.0,4065.0,1984390,2010-03-15
4040.0,4115.0,3889.0,3990.0,1654740,2010-03-22
3939.0,4115.0,3864.0,4040.0,1845080,2010-03-29
4065.0,4316.0,3964.0,4190.0,3081930,2010-04-05
4190.0,4266.0,4015.0,4215.0,2189720,2010-04-12
4266.0,4617.0,4266.0,4516.0,5567620,2010-04-19
4466.0,4717.0,4366.0,4567.0,3712230,2010-04-26
4642.0,5194.0,4516.0,5194.0,6632380,2010-05-04
5194.0,5219.0,4341.0,4491.0,4562110,2010-05-10
4416.0,4516.0,3939.0,4065.0,3196410,2010-05-17
4065.0,4441.0,3914.0,4416.0,2373960,2010-05-24
4291.0,4391.0,4140.0,4165.0,1940090,2010-05-31
4015.0,4292.0,3964.0,4165.0,1485140,2010-06-07
4240.0,4366.0,4165.0,4266.0,2229010,2010-06-14
4291.0,4491.0,4215.0,4215.0,2676370,2010-06-21
4165.0,4316.0,4140.0,4190.0,1407390,2010-06-28
4190.0,4391.0,4190.0,4316.0,1988010,2010-07-05
4366.0,4792.0,4316.0,4642.0,5182230,2010-07-12
4592.0,4968.0,4567.0,4692.0,4544440,2010-07-19
4692.0,5018.0,4667.0,4918.0,5387830,2010-07-26
5018.0,5746.0,4918.0,5294.0,7509040,2010-08-02
5169.0,5194.0,4341.0,4617.0,5715180,2010-08-09
4667.0,4843.0,4215.0,4441.0,2665290,2010-08-16
4341.0,4466.0,3964.0,4165.0,2976680,2010-08-23
4341.0,4692.0,4316.0,4642.0,1835350,2010-08-30
4642.0,4893.0,4516.0,4516.0,3697980,2010-09-06
4341.0,4642.0,4291.0,4592.0,3285010,2010-09-13
4642.0,4642.0,4316.0,4416.0,1651820,2010-09-20
4466.0,4491.0,4266.0,4266.0,1183320,2010-09-27
4266.0,4416.0,4015.0,4266.0,1259360,2010-10-04
4266.0,4341.0,4215.0,4240.0,577070,2010-10-11
4266.0,4316.0,4040.0,4240.0,1039120,2010-10-18
4115.0,4818.0,4115.0,4792.0,2154620,2010-10-25
4893.0,4893.0,4567.0,4792.0,1201800,2010-11-01
4792.0,4918.0,4466.0,4516.0,1164110,2010-11-08
4516.0,4717.0,4441.0,4592.0,773020,2010-11-15
4441.0,4767.0,4441.0,4592.0,846770,2010-11-22
4692.0,5246.0,4592.0,5246.0,2362250,2010-11-29
5375.0,5608.0,4936.0,5582.0,3249190,2010-12-06
5841.0,6409.0,5841.0,6383.0,4901900,2010-12-13
6383.0,6642.0,5686.0,6021.0,3185370,2010-12-20
6151.0,6383.0,5918.0,6073.0,2579970,2010-12-27
6073.0,6202.0,5918.0,6047.0,2069170,2011-01-04
5944.0,6151.0,5763.0,6047.0,2187110,2011-01-10
6099.0,6719.0,5866.0,6590.0,4590420,2011-01-17
6461.0,6513.0,5892.0,6202.0,2875030,2011-01-24
6280.0,6306.0,5918.0,5970.0,1922640,2011-02-08
5944.0,6021.0,5582.0,5582.0,1941270,2011-02-14
5401.0,5427.0,4755.0,4988.0,2270480,2011-02-21
5091.0,5091.0,4548.0,4626.0,2288670,2011-02-28
4626.0,4703.0,4238.0,4703.0,1330170,2011-03-07
4471.0,4703.0,4316.0,4626.0,1268110,2011-03-14
4678.0,4729.0,4393.0,4419.0,851930,2011-03-21
4419.0,4497.0,4316.0,4368.0,780080,2011-03-28
4530.0,4639.0,4422.0,4422.0,729930,2011-04-04
4340.0,4422.0,4313.0,4313.0,296440,2011-04-13
4286.0,4313.0,4042.0,4042.0,623090,2011-04-18
4042.0,4422.0,4042.0,4205.0,939860,2011-04-25
4096.0,4232.0,4096.0,4205.0,352220,2011-05-04
4259.0,4313.0,4069.0,4123.0,519760,2011-05-09
4096.0,4150.0,3635.0,3716.0,785400,2011-05-16
3581.0,3743.0,3092.0,3581.0,848910,2011-05-23
3581.0,4015.0,3391.0,3798.0,815020,2011-05-30
3689.0,3988.0,3635.0,3825.0,783840,2011-06-06
3825.0,4205.0,3662.0,3716.0,1482110,2011-06-13
3716.0,3798.0,3526.0,3635.0,694250,2011-06-20
3581.0,3689.0,3499.0,3526.0,457910,2011-06-27
3526.0,3743.0,3526.0,3608.0,235890,2011-07-04
3581.0,3716.0,3554.0,3608.0,298230,2011-07-11
3554.0,3635.0,3526.0,3608.0,449210,2011-07-18
3608.0,3689.0,3554.0,3662.0,278020,2011-07-25
3635.0,3743.0,3526.0,3608.0,482190,2011-08-01
3689.0,3689.0,3391.0,3499.0,463530,2011-08-08
3499.0,3798.0,3472.0,3635.0,354330,2011-08-15
3743.0,3825.0,3662.0,3825.0,662020,2011-08-22
3879.0,4205.0,3852.0,4150.0,928310,2011-08-29
4123.0,4367.0,3852.0,4286.0,1509270,2011-09-05
4259.0,4449.0,4123.0,4123.0,1735830,2011-09-12
4015.0,4286.0,3960.0,4259.0,1182800,2011-09-19
4259.0,4259.0,3960.0,4042.0,553490,2011-09-26
4069.0,4123.0,3960.0,3988.0,307330,2011-10-03
3933.0,4069.0,3933.0,4042.0,377810,2011-10-10
4069.0,4069.0,3879.0,3988.0,146950,2011-10-17
3960.0,4015.0,3798.0,3906.0,204290,2011-10-24
3960.0,3988.0,3608.0,3662.0,190940,2011-10-31
3662.0,3771.0,3337.0,3337.0,107830,2011-11-07
3255.0,3499.0,3065.0,3065.0,113140,2011-11-14
2957.0,3092.0,2848.0,2903.0,177890,2011-11-21
2984.0,3120.0,2930.0,3038.0,98030,2011-11-28
3038.0,3282.0,2984.0,3065.0,75170,2011-12-05
2984.0,3174.0,2701.0,2875.0,230850,2011-12-12
2817.0,2904.0,2498.0,2498.0,279410,2011-12-19
2411.0,2440.0,2265.0,2440.0,361770,2011-12-26
2440.0,2527.0,2236.0,2323.0,96560,2012-01-03
2382.0,2527.0,2294.0,2498.0,158880,2012-01-09
2527.0,2614.0,2411.0,2614.0,144440,2012-01-16
2498.0,2846.0,2498.0,2614.0,317430,2012-01-30
2614.0,2788.0,2527.0,2672.0,249020,2012-02-06
2643.0,2701.0,2556.0,2614.0,48560,2012-02-13
2643.0,2846.0,2614.0,2846.0,340080,2012-02-20
2933.0,3108.0,2875.0,2991.0,291550,2012-02-27
2991.0,3282.0,2846.0,2904.0,286680,2012-03-05
2846.0,3050.0,2817.0,2933.0,87820,2012-03-12
2933.0,3079.0,2846.0,3079.0,193710,2012-03-19
3079.0,3369.0,2962.0,2991.0,494550,2012-03-26
2904.0,3282.0,2904.0,3166.0,598360,2012-04-03
3079.0,3311.0,3050.0,3224.0,840400,2012-04-09
3224.0,3776.0,3224.0,3456.0,2560920,2012-04-16
3456.0,3718.0,3224.0,3514.0,2177790,2012-04-23
3340.0,3630.0,3311.0,3630.0,1639200,2012-05-02
3688.0,4124.0,3543.0,3776.0,3241950,2012-05-07
3718.0,3747.0,3050.0,3050.0,1809040,2012-05-14
2991.0,3195.0,2759.0,2875.0,1133550,2012-05-21
2991.0,3137.0,2846.0,2904.0,888690,2012-05-28
2846.0,3195.0,2788.0,3050.0,822450,2012-06-04
3137.0,3204.0,3016.0,3079.0,340120,2012-06-11
3079.0,3142.0,2890.0,2890.0,187710,2012-06-18
2859.0,2890.0,2576.0,2733.0,315490,2012-06-25
2733.0,2733.0,2450.0,2607.0,191630,2012-07-02
2545.0,2765.0,2482.0,2765.0,262750,2012-07-09
2796.0,2890.0,2702.0,2796.0,195100,2012-07-16
2733.0,2765.0,2513.0,2607.0,272590,2012-07-23
2607.0,2607.0,2482.0,2545.0,228090,2012-07-30
2576.0,2670.0,2513.0,2513.0,288420,2012-08-06
2513.0,2545.0,2450.0,2545.0,163460,2012-08-13
2545.0,2545.0,2168.0,2356.0,631690,2012-08-20
2293.0,2325.0,2168.0,2262.0,260990,2012-08-27
2199.0,2262.0,2105.0,2105.0,405200,2012-09-04
2168.0,2168.0,2042.0,2168.0,1521390,2012-09-10
2136.0,2199.0,1853.0,1916.0,1045800,2012-09-17
1916.0,2042.0,1853.0,1948.0,804220,2012-09-24
1948.0,1948.0,1759.0,1916.0,423610,2012-10-01
1916.0,1979.0,1853.0,1916.0,305640,2012-10-08
1916.0,2011.0,1885.0,1885.0,583150,2012-10-15
1853.0,1916.0,1822.0,1822.0,217410,2012-10-22
1885.0,1885.0,1728.0,1728.0,1059450,2012-10-29
1696.0,1728.0,1571.0,1728.0,348700,2012-11-05
1728.0,1822.0,1665.0,1728.0,302160,2012-11-12
1696.0,1979.0,1665.0,1948.0,483570,2012-11-19
1948.0,2011.0,1916.0,1979.0,215980,2012-11-26
1979.0,2136.0,1916.0,2136.0,271480,2012-12-03
2031.0,2241.0,2031.0,2101.0,163320,2012-12-10
2136.0,2171.0,2066.0,2136.0,102190,2012-12-17
2136.0,2171.0,2031.0,2031.0,167330,2012-12-24
2101.0,2311.0,2101.0,2276.0,293840,2013-01-02
2311.0,2451.0,2241.0,2416.0,822140,2013-01-07
2381.0,2556.0,2311.0,2381.0,573750,2013-01-14
2381.0,2451.0,2171.0,2311.0,260680,2013-01-21
2381.0,2521.0,2311.0,2451.0,457370,2013-01-28
2381.0,2521.0,2346.0,2416.0,408190,2013-02-04
2521.0,2521.0,2346.0,2451.0,484160,2013-02-18
2486.0,2556.0,2311.0,2556.0,895400,2013-02-25
2696.0,2731.0,2451.0,2591.0,421090,2013-03-04
2626.0,2696.0,2556.0,2661.0,451610,2013-03-11
2626.0,2696.0,2416.0,2486.0,803630,2013-03-18
2521.0,2556.0,2381.0,2521.0,454770,2013-03-25
2486.0,2591.0,2381.0,2486.0,262200,2013-04-01
2486.0,2556.0,2416.0,2486.0,455920,2013-04-08
2486.0,2556.0,2416.0,2556.0,225170,2013-04-15
2696.0,2731.0,2556.0,2696.0,379930,2013-04-22
2661.0,2872.0,2626.0,2872.0,324370,2013-05-02
3012.0,3012.0,2766.0,2872.0,291270,2013-05-06
2907.0,2907.0,2766.0,2907.0,251120,2013-05-13
2977.0,3292.0,2942.0,3152.0,1512040,2013-05-20
3222.0,3887.0,3187.0,3887.0,2015540,2013-05-27
3922.0,4552.0,3712.0,4482.0,3748740,2013-06-03
4552.0,4727.0,4132.0,4202.0,3028410,2013-06-10
4412.0,4517.0,4027.0,4517.0,1641610,2013-06-17
4692.0,4763.0,4342.0,4552.0,1691790,2013-06-24
4587.0,5218.0,4552.0,4973.0,2059730,2013-07-01
4973.0,5078.0,4727.0,5078.0,1389930,2013-07-08
5148.0,5508.0,4973.0,5393.0,2745560,2013-07-15
5393.0,5662.0,5277.0,5431.0,2525150,2013-07-22
5393.0,5431.0,5046.0,5393.0,1749840,2013-07-29
5393.0,5701.0,5393.0,5508.0,2088650,2013-08-05
5508.0,5508.0,5316.0,5393.0,1626210,2013-08-12
5393.0,6048.0,5354.0,6009.0,5749710,2013-08-19
6009.0,6048.0,5393.0,5585.0,4704280,2013-08-26
5585.0,5662.0,5354.0,5393.0,1319460,2013-09-03
5354.0,5547.0,5085.0,5354.0,1708300,2013-09-09
5316.0,5585.0,5316.0,5431.0,1318830,2013-09-16
5547.0,5971.0,5470.0,5817.0,3092740,2013-09-23
5894.0,6548.0,5894.0,6548.0,4061830,2013-09-30
6548.0,6857.0,6317.0,6780.0,4943140,2013-10-07
6818.0,7049.0,6664.0,7011.0,4446950,2013-10-14
7049.0,7126.0,6471.0,6510.0,5370890,2013-10-21
6625.0,6625.0,6317.0,6433.0,3320850,2013-10-28
6433.0,6664.0,6356.0,6471.0,2828720,2013-11-04
6548.0,7088.0,6510.0,7049.0,4539040,2013-11-11
7088.0,7434.0,6972.0,7165.0,5148890,2013-11-18
7242.0,7396.0,7126.0,7165.0,2700020,2013-11-25
7242.0,7974.0,7088.0,7820.0,3557580,2013-12-02
7935.0,7935.0,7242.0,7434.0,4418590,2013-12-09
7396.0,7704.0,7357.0,7550.0,1901600,2013-12-16
7550.0,7743.0,7396.0,7665.0,2400950,2013-12-23
7665.0,7974.0,7396.0,7935.0,1253380,2013-12-30
7935.0,8282.0,7820.0,8282.0,2044160,2014-01-02
8359.0,9746.0,8359.0,9360.0,5764530,2014-01-06
9437.0,10246.0,9360.0,9900.0,5627340,2014-01-13
9784.0,11248.0,9669.0,11132.0,3867740,2014-01-20
11132.0,11286.0,10901.0,11017.0,841890,2014-01-27
10863.0,11094.0,10786.0,10863.0,1191340,2014-02-06
10863.0,11556.0,10786.0,11017.0,3277540,2014-02-10
11017.0,12018.0,10863.0,11171.0,6042160,2014-02-17
11171.0,11479.0,10632.0,10901.0,5334110,2014-02-24
10901.0,10901.0,10015.0,10709.0,3642510,2014-03-03
10747.0,11132.0,10593.0,10747.0,3596040,2014-03-10
10824.0,11710.0,10554.0,11517.0,5924020,2014-03-17
11633.0,11633.0,10516.0,10940.0,4558410,2014-03-24
10978.0,11055.0,10554.0,10786.0,3694800,2014-03-31
10824.0,11171.0,10824.0,11055.0,2792620,2014-04-07
11132.0,11440.0,10554.0,10978.0,5294920,2014-04-14
11094.0,11297.0,10670.0,11057.0,2377640,2014-04-21
11137.0,11416.0,11017.0,11297.0,1638970,2014-04-28
11376.0,11776.0,9700.0,10458.0,6585560,2014-05-05
10179.0,10179.0,8462.0,9101.0,6290630,2014-05-12
9061.0,10179.0,8901.0,9660.0,5330220,2014-05-19
9580.0,10299.0,9420.0,9860.0,3819770,2014-05-26
9860.0,9979.0,9181.0,9979.0,2715700,2014-06-02
9660.0,10658.0,9540.0,10418.0,5187400,2014-06-09
10538.0,11057.0,10179.0,10778.0,4449790,2014-06-16
10897.0,11137.0,10698.0,10937.0,3237100,2014-06-23
10937.0,11536.0,10937.0,11376.0,3667990,2014-06-30
11416.0,11536.0,10818.0,10977.0,3541140,2014-07-07
10977.0,11376.0,10897.0,11137.0,3270610,2014-07-14
11217.0,11297.0,10937.0,10937.0,2221110,2014-07-21
10937.0,10937.0,10418.0,10578.0,2865080,2014-07-28
10578.0,11017.0,10498.0,10778.0,2198730,2014-08-04
10778.0,11257.0,10738.0,11257.0,2857280,2014-08-11
11456.0,12933.0,11376.0,12694.0,9371610,2014-08-18
12734.0,13851.0,12694.0,13612.0,5217170,2014-08-25
13612.0,15009.0,13412.0,15009.0,3186410,2014-09-03
15168.0,15767.0,13372.0,14849.0,7466030,2014-09-08
15089.0,15248.0,13492.0,13692.0,6417760,2014-09-15
13811.0,14370.0,12973.0,13891.0,4767170,2014-09-22
14011.0,14570.0,13572.0,14330.0,2868290,2014-09-29
14370.0,14769.0,14210.0,14250.0,2982570,2014-10-06
14250.0,14330.0,12933.0,13532.0,2603400,2014-10-13
13692.0,13811.0,13252.0,13492.0,1875710,2014-10-20
13332.0,13692.0,13053.0,13652.0,2223890,2014-10-27
13851.0,14490.0,13332.0,14290.0,4964770,2014-11-03
14330.0,14809.0,14091.0,14450.0,5694010,2014-11-10
14450.0,14570.0,13731.0,13771.0,3914350,2014-11-17
13452.0,13891.0,13412.0,13532.0,2108860,2014-11-24
13452.0,14171.0,13452.0,14011.0,1513770,2014-12-01
14011.0,14011.0,12973.0,13612.0,2559530,2014-12-08
13612.0,13731.0,12494.0,12690.0,2630090,2014-12-15
12853.0,13341.0,12649.0,12690.0,1047810,2014-12-22
12609.0,13097.0,11958.0,13016.0,1048370,2014-12-29
13138.0,13626.0,12731.0,13300.0,1073110,2015-01-05
13219.0,13300.0,12812.0,13178.0,915810,2015-01-12
13260.0,13341.0,12853.0,13260.0,1035100,2015-01-19
13341.0,14276.0,13300.0,13422.0,2126500,2015-01-26
13585.0,13585.0,12527.0,13544.0,1033810,2015-02-02
13422.0,13951.0,13097.0,13829.0,669050,2015-02-09
13870.0,13992.0,13707.0,13910.0,732050,2015-02-24
13829.0,14520.0,13626.0,14195.0,1811690,2015-03-02
14195.0,14236.0,13666.0,13748.0,959810,2015-03-09
13748.0,13788.0,13463.0,13788.0,795710,2015-03-16
13788.0,13788.0,13219.0,13341.0,901750,2015-03-23
13341.0,13341.0,12609.0,12853.0,646560,2015-03-30
12812.0,13056.0,12324.0,12894.0,1031470,2015-04-06
12934.0,13341.0,12487.0,13097.0,1183780,2015-04-13
13097.0,13178.0,12527.0,12690.0,806280,2015-04-20
12771.0,12812.0,12649.0,12649.0,141720,2015-04-27
12690.0,12690.0,11389.0,11795.0,1239840,2015-05-04
11795.0,11836.0,11063.0,11063.0,789700,2015-05-11
11063.0,12731.0,10697.0,12731.0,1827890,2015-05-18
12731.0,13341.0,12446.0,12609.0,2538360,2015-05-25
12609.0,13521.0,12525.0,13313.0,1984950,2015-06-01
13521.0,13686.0,12940.0,13686.0,2823740,2015-06-08
13479.0,14184.0,12733.0,13894.0,3658640,2015-06-15
13811.0,14433.0,13645.0,13894.0,3704930,2015-06-22
14018.0,14682.0,13852.0,14557.0,4407760,2015-06-29
14723.0,15636.0,14599.0,15553.0,6005990,2015-07-06
15553.0,15636.0,14806.0,15055.0,3922930,2015-07-13
15055.0,16341.0,14723.0,16341.0,5794420,2015-07-20
16921.0,17461.0,16548.0,16673.0,5534010,2015-07-27
15511.0,15719.0,14972.0,15138.0,6100520,2015-08-03
15345.0,16465.0,15304.0,15553.0,5060830,2015-08-10
15677.0,16009.0,14723.0,15511.0,4169930,2015-08-17
15055.0,15179.0,13769.0,15055.0,4906160,2015-08-24
15097.0,15097.0,14391.0,14516.0,1853090,2015-08-31
14516.0,14682.0,14226.0,14433.0,1336420,2015-09-07
14433.0,15014.0,14060.0,14931.0,1715480,2015-09-14
15055.0,15594.0,14931.0,15553.0,3248690,2015-09-21
15760.0,15802.0,14889.0,15179.0,3068510,2015-09-28
15553.0,16921.0,15511.0,15511.0,7170990,2015-10-05
15470.0,15719.0,15262.0,15345.0,3984950,2015-10-12
15387.0,15511.0,14848.0,15097.0,3040840,2015-10-19
15476.0,15476.0,14802.0,14886.0,3208410,2015-10-26
15012.0,15265.0,14549.0,15181.0,2632730,2015-11-02
15223.0,15223.0,14043.0,14338.0,2513870,2015-11-09
14338.0,14422.0,13958.0,14127.0,1798290,2015-11-16
14085.0,14169.0,12904.0,12946.0,3188890,2015-11-23
12820.0,13326.0,12651.0,12693.0,2498950,2015-11-30
12693.0,14127.0,12651.0,13579.0,5665900,2015-12-07
13579.0,13874.0,13368.0,13705.0,2532580,2015-12-14
13705.0,13705.0,12777.0,12777.0,2373330,2015-12-21
12862.0,13368.0,12693.0,12988.0,1605050,2015-12-28
13073.0,13157.0,11597.0,11639.0,3221000,2016-01-04
11555.0,12271.0,11386.0,11470.0,2774710,2016-01-11
11302.0,11470.0,10669.0,11386.0,3160610,2016-01-18
11597.0,12567.0,11597.0,12398.0,3587720,2016-01-25
12524.0,12524.0,11681.0,12018.0,1506060,2016-02-01
11934.0,12235.0,11681.0,12020.0,1968660,2016-02-15
12063.0,13094.0,12063.0,12922.0,4038690,2016-02-22
13094.0,13652.0,12922.0,13523.0,4393870,2016-02-29
13523.0,13652.0,12965.0,13480.0,3111380,2016-03-07
13566.0,13737.0,13051.0,13136.0,2920000,2016-03-14
13136.0,13136.0,12149.0,12278.0,3133820,2016-03-21
12235.0,12664.0,11892.0,11892.0,1770710,2016-03-28
11806.0,12750.0,11806.0,12192.0,2171520,2016-04-04
12149.0,12149.0,11376.0,11419.0,3911780,2016-04-11
11376.0,11376.0,10647.0,10861.0,2312010,2016-04-19
10861.0,11333.0,10818.0,10904.0,1985700,2016-04-25
10904.0,12020.0,10775.0,11634.0,2589590,2016-05-04
11634.0,11720.0,11076.0,11333.0,2054010,2016-05-09
11291.0,12106.0,11248.0,11977.0,2827870,2016-05-16
12020.0,12278.0,11376.0,11419.0,2713990,2016-05-23
11548.0,11591.0,11248.0,11376.0,1814050,2016-05-30
11419.0,11591.0,11248.0,11419.0,1850660,2016-06-06
11419.0,11419.0,11033.0,11033.0,1732630,2016-06-13
11033.0,11505.0,10689.0,11033.0,3035780,2016-06-20
10818.0,11119.0,10260.0,10861.0,1900790,2016-06-27
10947.0,11291.0,10775.0,10775.0,2284260,2016-07-04
10732.0,10861.0,9831.0,9874.0,2492920,2016-07-11
9831.0,10260.0,9187.0,9359.0,2102600,2016-07-18
9144.0,9316.0,8586.0,8886.0,1591340,2016-07-25
8972.0,8972.0,7126.0,7384.0,2563690,2016-08-01
7298.0,8586.0,7255.0,8285.0,2774830,2016-08-08
8328.0,9015.0,8200.0,8242.0,3253450,2016-08-15
8157.0,8929.0,7942.0,8758.0,3292130,2016-08-22
8758.0,8972.0,8500.0,8758.0,3022290,2016-08-29
8758.0,9187.0,8672.0,8886.0,2771590,2016-09-05
8801.0,8844.0,7963.0,8028.0,2185320,2016-09-12
7985.0,8242.0,7899.0,8114.0,1256860,2016-09-19
8157.0,8200.0,7985.0,8006.0,1210990,2016-09-26
8006.0,8049.0,7599.0,7727.0,1068620,2016-10-03
7727.0,7813.0,7513.0,7706.0,957320,2016-10-10
7899.0,7921.0,7599.0,7599.0,1028470,2016-10-17
7620.0,7727.0,7513.0,7599.0,616660,2016-10-24
7731.0,7775.0,7245.0,7245.0,748000,2016-10-31
7355.0,7466.0,6958.0,7112.0,778030,2016-11-07
7024.0,7068.0,6847.0,6891.0,1000960,2016-11-14
6891.0,7421.0,6626.0,7311.0,1587340,2016-11-21
7112.0,7289.0,6737.0,7002.0,694530,2016-11-28
7002.0,7112.0,6405.0,6405.0,914140,2016-12-05
6405.0,6405.0,5699.0,6317.0,1684230,2016-12-12
6582.0,7090.0,6405.0,6428.0,2053780,2016-12-19
6405.0,6538.0,6339.0,6405.0,645640,2016-12-26
6405.0,6847.0,6405.0,6604.0,583410,2017-01-03
6604.0,6803.0,6405.0,6560.0,990270,2017-01-09
6560.0,6648.0,6405.0,6450.0,755970,2017-01-16
6494.0,6494.0,6140.0,6361.0,526270,2017-01-23
6560.0,6560.0,6317.0,6450.0,208330,2017-02-02
6450.0,7598.0,6450.0,7510.0,2969820,2017-02-06
7554.0,8460.0,7554.0,8438.0,3682780,2017-02-13
8393.0,9277.0,8128.0,8946.0,3915950,2017-02-20
8791.0,9144.0,8614.0,8703.0,2553330,2017-02-27
8680.0,9763.0,8680.0,9409.0,3018780,2017-03-06
9365.0,9939.0,9211.0,9829.0,2778300,2017-03-13
9851.0,9895.0,9144.0,9233.0,3171920,2017-03-20
9498.0,9895.0,9277.0,9564.0,2453710,2017-03-27
9564.0,10889.0,9564.0,10492.0,3242720,2017-04-03
10536.0,10602.0,9873.0,9895.0,3306490,2017-04-10
9895.0,10381.0,9542.0,10138.0,2447700,2017-04-17
10138.0,11044.0,10028.0,11044.0,3544630,2017-04-24
11265.0,11706.0,10956.0,11486.0,2535010,2017-05-03
11397.0,12700.0,11265.0,12678.0,6399740,2017-05-08
13032.0,13694.0,12745.0,13429.0,7486100,2017-05-15
13429.0,14887.0,13032.0,14490.0,5387830,2017-05-22
14578.0,14887.0,13518.0,14445.0,4585550,2017-05-29
14534.0,14909.0,13739.0,13959.0,4050580,2017-06-05
13959.0,14048.0,13253.0,13937.0,2880690,2017-06-12
14048.0,15666.0,13915.0,15313.0,5672740,2017-06-19
15218.0,15477.0,13993.0,14040.0,5791580,2017-06-26
14040.0,14747.0,13758.0,14040.0,3343560,2017-07-03
13970.0,14370.0,13569.0,13758.0,2927640,2017-07-10
13663.0,13758.0,12297.0,13004.0,4350050,2017-07-17
12863.0,13663.0,12674.0,13428.0,2741390,2017-07-24
13522.0,14535.0,13522.0,14370.0,3785500,2017-07-31
14252.0,14512.0,12957.0,13334.0,2948130,2017-08-07
13334.0,14040.0,13334.0,14040.0,2157620,2017-08-14
14040.0,14229.0,12910.0,13098.0,3645000,2017-08-21
13192.0,13852.0,13145.0,13781.0,2794760,2017-08-28
13781.0,13875.0,13428.0,13499.0,1663840,2017-09-05
13499.0,14370.0,13239.0,14276.0,4756790,2017-09-11
13287.0,13852.0,13287.0,13593.0,6145180,2017-09-18
13593.0,13593.0,12486.0,12721.0,3967770,2017-09-25
12627.0,13192.0,12556.0,12815.0,1487580,2017-10-02
12815.0,12863.0,12486.0,12815.0,1909760,2017-10-09
12863.0,13192.0,12533.0,13192.0,1845790,2017-10-16
13287.0,13428.0,12698.0,12768.0,2041950,2017-10-23
12768.0,12815.0,10695.0,11402.0,3916230,2017-10-30
11402.0,12297.0,11402.0,12109.0,2929920,2017-11-06
12250.0,12250.0,11308.0,11708.0,3042030,2017-11-13
11732.0,11873.0,11001.0,11614.0,2963360,2017-11-20
11826.0,12721.0,11638.0,12721.0,4223660,2017-11-27
12957.0,13616.0,12391.0,13239.0,4617190,2017-12-04
13169.0,13758.0,12297.0,13640.0,4007970,2017-12-11
13663.0,13993.0,13051.0,13239.0,3777550,2017-12-18
13239.0,13758.0,13004.0,13451.0,2969470,2017-12-25
13640.0,14229.0,13287.0,13334.0,4883290,2018-01-02
13239.0,14323.0,13051.0,13993.0,6316030,2018-01-08
13993.0,14653.0,13098.0,13216.0,4879090,2018-01-15
13098.0,13875.0,12462.0,13381.0,4713610,2018-01-22
13428.0,13663.0,12156.0,12391.0,3818830,2018-01-29
12156.0,12250.0,10742.0,11543.0,3017740,2018-02-05
11897.0,12303.0,11685.0,12303.0,550840,2018-02-12
12495.0,13216.0,12327.0,13072.0,1460930,2018-02-21
13216.0,13552.0,12495.0,13360.0,3186690,2018-02-26
13504.0,14033.0,12735.0,13456.0,4623230,2018-03-05
13504.0,13552.0,12255.0,12543.0,3346780,2018-03-12
12543.0,12591.0,11534.0,11774.0,2600810,2018-03-19
11774.0,12159.0,11486.0,11654.0,1280150,2018-03-26
11654.0,11894.0,11318.0,11582.0,1573290,2018-04-02
11582.0,11582.0,10909.0,11197.0,1590760,2018-04-09
11221.0,11221.0,10525.0,10765.0,1114850,2018-04-16
10717.0,10861.0,9083.0,9419.0,1099090,2018-04-23
9563.0,9611.0,9299.0,9467.0,422390,2018-05-02
9563.0,9948.0,9347.0,9467.0,555590,2018-05-07
9491.0,10621.0,9491.0,10236.0,1334040,2018-05-14
10395.0,10546.0,9587.0,9587.0,674220,2018-05-21
9587.0,10142.0,9335.0,9966.0,643160,2018-05-28
9966.0,11278.0,9966.0,11227.0,1304390,2018-06-04
11101.0,11202.0,10243.0,10899.0,1128070,2018-06-11
10899.0,10924.0,9840.0,10067.0,901660,2018-06-18
10193.0,10496.0,9840.0,9991.0,479820,2018-06-25
9865.0,9865.0,8174.0,8578.0,1277650,2018-07-02
8830.0,8856.0,8023.0,8376.0,780070,2018-07-09
8528.0,9411.0,8401.0,9184.0,1423670,2018-07-16
9184.0,9915.0,9133.0,9537.0,1939450,2018-07-23
9688.0,9814.0,9385.0,9587.0,938140,2018-07-30
9587.0,10445.0,9486.0,10168.0,1183320,2018-08-06
10168.0,10168.0,9764.0,10041.0,1145940,2018-08-13
10092.0,11278.0,10041.0,10899.0,2429740,2018-08-20
10899.0,11051.0,10697.0,10950.0,1423210,2018-08-27
11051.0,12388.0,11000.0,12287.0,3073330,2018-09-04
12211.0,13624.0,12060.0,13574.0,4586670,2018-09-10
13826.0,15693.0,13372.0,14532.0,6206470,2018-09-17
14633.0,15390.0,14280.0,14330.0,3949510,2018-09-24
14381.0,15642.0,13725.0,15213.0,3983570,2018-10-01
15037.0,15415.0,12867.0,13523.0,6728830,2018-10-08
13271.0,14053.0,12665.0,14028.0,4427530,2018-10-15
13069.0,13422.0,10647.0,11353.0,5480030,2018-10-22
11151.0,12615.0,10899.0,12564.0,3557880,2018-10-29
12514.0,13069.0,12363.0,12514.0,3483240,2018-11-05
12463.0,13725.0,12312.0,12615.0,5133930,2018-11-12
12615.0,13069.0,12312.0,12564.0,2431530,2018-11-19
12690.0,12918.0,11656.0,11656.0,2912120,2018-11-26
11858.0,12615.0,11807.0,12161.0,2842720,2018-12-03
12161.0,13018.0,12110.0,12665.0,2793020,2018-12-10
12690.0,12716.0,11908.0,12110.0,2150960,2018-12-17
11606.0,12161.0,10950.0,11606.0,2162200,2018-12-24
11656.0,11656.0,10521.0,10748.0,1117260,2019-01-02
11076.0,11555.0,10899.0,11227.0,1252180,2019-01-07
11353.0,12817.0,11101.0,12287.0,3371350,2019-01-14
12615.0,13725.0,12564.0,13271.0,4515660,2019-01-21
13372.0,14129.0,12867.0,14129.0,4187310,2019-01-28
14482.0,14986.0,14179.0,14305.0,4692480,2019-02-11
14431.0,15441.0,14305.0,14936.0,6597410,2019-02-18
14986.0,16886.0,14628.0,16886.0,9043270,2019-02-25
17194.0,17348.0,15655.0,16655.0,9845040,2019-03-04
16681.0,17887.0,16425.0,17194.0,8372230,2019-03-11
17348.0,17477.0,14936.0,15167.0,8680390,2019-03-18
14628.0,16014.0,14551.0,15706.0,5578570,2019-03-25
15911.0,16630.0,15347.0,16373.0,4869130,2019-04-01
16425.0,16861.0,16014.0,16271.0,5535410,2019-04-08
16168.0,16219.0,14371.0,14705.0,5528750,2019-04-16
14397.0,15064.0,13807.0,14833.0,5060960,2019-04-22
14885.0,14936.0,14371.0,14371.0,1538950,2019-05-02
14166.0,15552.0,13961.0,15398.0,5634640,2019-05-06
15501.0,15757.0,15193.0,15398.0,4565540,2019-05-13
15552.0,16091.0,15398.0,15655.0,4904460,2019-05-20
15757.0,16366.0,14938.0,14938.0,5476670,2019-05-27
14828.0,15048.0,14498.0,14800.0,2962300,2019-06-03
15048.0,15350.0,14444.0,14444.0,2891320,2019-06-10
14553.0,14993.0,14004.0,14718.0,3315050,2019-06-17
14691.0,15487.0,14608.0,15185.0,4694590,2019-06-24
15432.0,15762.0,15240.0,15514.0,5159870,2019-07-01
15405.0,15487.0,14636.0,14718.0,5698370,2019-07-08
14746.0,15103.0,14663.0,14800.0,3677860,2019-07-15
14691.0,14718.0,14196.0,14526.0,4197300,2019-07-22
14444.0,14526.0,13345.0,14444.0,3661570,2019-07-29
14444.0,14663.0,13537.0,14004.0,2957210,2019-08-05
13839.0,14004.0,13071.0,13345.0,3157790,2019-08-12
13345.0,13647.0,13125.0,13428.0,2791690,2019-08-19
13290.0,13647.0,12796.0,12933.0,2692040,2019-08-26
12961.0,12988.0,11725.0,11725.0,2670800,2019-09-03
11753.0,12549.0,11615.0,12439.0,2115430,2019-09-09
12494.0,12494.0,11807.0,11807.0,2387890,2019-09-16
11807.0,12961.0,11780.0,12796.0,4057640,2019-09-23
12851.0,13290.0,12247.0,13071.0,3988830,2019-09-30
13180.0,13180.0,11972.0,12219.0,3855610,2019-10-07
12329.0,12329.0,11862.0,11945.0,2501620,2019-10-14
11972.0,12247.0,11753.0,12137.0,1734700,2019-10-21
12137.0,12192.0,11807.0,11945.0,1329130,2019-10-28
11945.0,12164.0,11807.0,12082.0,1740680,2019-11-04
12082.0,12164.0,11148.0,11258.0,1594260,2019-11-11
11258.0,11258.0,10682.0,10764.0,1443610,2019-11-18
10709.0,11121.0,10627.0,10956.0,1234330,2019-11-25
10956.0,11011.0,10434.0,10682.0,1197280,2019-12-02
10682.0,11093.0,10380.0,10956.0,1595420,2019-12-09
10956.0,10956.0,10489.0,10737.0,823800,2019-12-16
10819.0,10874.0,10215.0,10407.0,1063310,2019-12-23
10434.0,10544.0,10325.0,10544.0,313310,2019-12-30
10544.0,10874.0,10407.0,10709.0,544040,2020-01-02
10627.0,11917.0,10627.0,11643.0,2675950,2020-01-06
11698.0,11890.0,11341.0,11478.0,1773710,2020-01-13
11450.0,12137.0,11148.0,12137.0,1785600,2020-01-20
12082.0,12686.0,11341.0,11341.0,1515180,2020-01-30
10599.0,11341.0,10215.0,10764.0,3484680,2020-02-03
10572.0,12027.0,10380.0,11450.0,3556210,2020-02-10
11341.0,11478.0,10929.0,11148.0,2606500,2020-02-17
10874.0,10874.0,9865.0,10034.0,2854710,2020-02-24
10034.0,10373.0,9809.0,10147.0,1339780,2020-03-02
9471.0,9696.0,7582.0,7808.0,3605570,2020-03-09
7638.0,8061.0,7103.0,7131.0,4209240,2020-03-16
6708.0,7328.0,6342.0,6934.0,3303110,2020-03-23
6483.0,7103.0,6257.0,7103.0,1377380,2020-03-30
7498.0,8738.0,7441.0,8456.0,3458050,2020-04-06
8456.0,9358.0,8174.0,8597.0,4504200,2020-04-13
8738.0,8766.0,7667.0,8202.0,2690980,2020-04-20
8202.0,8738.0,8061.0,8625.0,1383530,2020-04-27
8569.0,8851.0,8202.0,8653.0,1989500,2020-05-04
8710.0,9865.0,8597.0,9076.0,5611640,2020-05-11
9076.0,9414.0,8794.0,9189.0,3824020,2020-05-18
9189.0,10260.0,9104.0,9922.0,6162350,2020-05-25
9865.0,11500.0,9865.0,11190.0,5556410,2020-06-01
11556.0,12007.0,10880.0,11331.0,7311690,2020-06-08
11444.0,11556.0,10654.0,11500.0,4183160,2020-06-15
11585.0,11782.0,10936.0,11049.0,3111630,2020-06-22
10767.0,11331.0,10034.0,10993.0,3113210,2020-06-29
10936.0,12007.0,10936.0,11754.0,5174410,2020-07-06
11726.0,12458.0,11444.0,12233.0,4677580,2020-07-13
12261.0,12402.0,11279.0,11943.0,4804190,2020-07-20
11219.0,12124.0,11129.0,11581.0,4207230,2020-07-27
11521.0,13541.0,11521.0,13421.0,8667290,2020-08-03
13571.0,13692.0,13089.0,13270.0,7876640,2020-08-10
13210.0,13692.0,12968.0,13632.0,5734250,2020-08-17
13752.0,13933.0,13210.0,13511.0,6372120,2020-08-24
13511.0,14205.0,13270.0,14054.0,5332720,2020-08-31
14175.0,14416.0,13571.0,13752.0,5545720,2020-09-07
13873.0,14175.0,13722.0,13963.0,4834720,2020-09-14
14084.0,14114.0,13270.0,13421.0,6780140,2020-09-21
13481.0,14356.0,13300.0,14235.0,8031300,2020-09-28
14295.0,14778.0,13963.0,14416.0,4961510,2020-10-05
14476.0,14597.0,13873.0,14356.0,4597090,2020-10-12
14356.0,15471.0,14235.0,15049.0,5326640,2020-10-19
15019.0,15079.0,13722.0,14356.0,3384770,2020-10-26
14356.0,15924.0,14295.0,15924.0,4010070,2020-11-02
15924.0,17402.0,15924.0,17311.0,4819430,2020-11-09
17311.0,19784.0,16829.0,19784.0,5412990,2020-11-16
19784.0,21714.0,19422.0,21624.0,5409680,2020-11-23
21714.0,22679.0,21021.0,22076.0,4054350,2020-11-30
22106.0,26600.0,21714.0,26600.0,4718280,2020-12-07
26660.0,31365.0,26238.0,29375.0,5669020,2020-12-14
29254.0,31667.0,28229.0,31425.0,3968480,2020-12-21
30762.0,32571.0,30400.0,31365.0,2088880,2020-12-28
31606.0,34984.0,30943.0,34984.0,3802600,2021-01-04
35288.0,39607.0,33888.0,39607.0,1951000,2021-01-11
39486.0,49646.0,39060.0,49220.0,1864200,2021-01-18
51106.0,52019.0,44779.0,49889.0,2309900,2021-01-25
46482.0,49889.0,43197.0,46178.0,2375900,2021-02-01
46786.0,47212.0,42954.0,47212.0,613300,2021-02-08
48490.0,48490.0,45022.0,47273.0,412500,2021-02-17
45813.0,47942.0,44414.0,47882.0,1043900,2021-02-22
48612.0,49585.0,46543.0,49585.0,1498800,2021-03-01
50133.0,52384.0,47152.0,51897.0,1171100,2021-03-08
50680.0,51715.0,49889.0,51289.0,612700,2021-03-15
50315.0,60841.0,49889.0,60841.0,1710200,2021-03-22
60780.0,73009.0,60171.0,69967.0,2004900,2021-03-29
69967.0,69967.0,66621.0,69845.0,911200,2021-04-05
68142.0,72340.0,66681.0,70575.0,901500,2021-04-12
70879.0,72096.0,67533.0,68081.0,893400,2021-04-19
67898.0,70453.0,66316.0,66925.0,906200,2021-04-26
66925.0,66925.0,61692.0,63579.0,739600,2021-05-04
63579.0,65708.0,61936.0,63213.0,728700,2021-05-10
63213.0,64717.0,57720.0,64717.0,624400,2021-05-17
64717.0,64717.0,59190.0,60799.0,471100,2021-05-24
59469.0,61568.0,57370.0,60869.0,974300,2021-05-31
60869.0,60869.0,57370.0,58770.0,1098800,2021-06-07
58770.0,64367.0,57790.0,64367.0,1541600,2021-06-14
64577.0,65556.0,61568.0,63877.0,2207100,2021-06-21
62968.0,64157.0,61918.0,63317.0,1240900,2021-06-28
63317.0,64087.0,58770.0,63807.0,1875600,2021-07-05
63317.0,63317.0,59120.0,59679.0,1450300,2021-07-12
59120.0,60519.0,55132.0,55202.0,1237900,2021-07-19
53173.0,55551.0,51773.0,53103.0,1046900,2021-07-26
53103.0,54292.0,52473.0,53173.0,1036500,2021-08-02
52753.0,60519.0,51563.0,58770.0,3212500,2021-08-09
57510.0,58770.0,51214.0,54222.0,2972700,2021-08-16
52473.0,53522.0,49604.0,50374.0,3390100,2021-08-23
50584.0,50864.0,48065.0,49674.0,2916700,2021-08-30
49604.0,49954.0,42328.0,45896.0,3863100,2021-09-06
46106.0,47576.0,44427.0,46176.0,4526700,2021-09-13
45756.0,46176.0,43308.0,46176.0,2886400,2021-09-20
46106.0,46316.0,44357.0,45197.0,2539300,2021-09-27
45197.0,45197.0,44077.0,44637.0,1822100,2021-10-04
44287.0,49884.0,43518.0,49884.0,3921800,2021-10-11
50374.0,53033.0,48975.0,52473.0,4780900,2021-10-18
51773.0,54572.0,51424.0,54292.0,7221100,2021-10-25
54292.0,56111.0,51424.0,56111.0,7162400,2021-11-01
55971.0,55971.0,53173.0,54572.0,4927100,2021-11-08
54922.0,58000.0,52403.0,57161.0,6165000,2021-11-15
57370.0,57720.0,55132.0,55621.0,4758400,2021-11-22
52823.0,54852.0,50444.0,52333.0,4297400,2021-11-29
51773.0,52403.0,46526.0,49674.0,2928100,2021-12-06
50094.0,53732.0,48975.0,51424.0,3755000,2021-12-13
50584.0,51773.0,45477.0,47576.0,3155100,2021-12-20
47506.0,47576.0,45267.0,45617.0,2888000,2021-12-27
45686.0,46246.0,44777.0,45477.0,2669000,2022-01-04
45477.0,45477.0,43378.0,44707.0,4374500,2022-01-10
43727.0,46176.0,40929.0,44077.0,2931300,2022-01-17
44007.0,46176.0,39949.0,46176.0,1977100,2022-01-24
46736.0,49674.0,45686.0,48485.0,4413400,2022-02-07
47506.0,48625.0,45392.0,46702.0,3537300,2022-02-14
46840.0,47116.0,45185.0,46220.0,4446000,2022-02-21
45875.0,51117.0,45806.0,50359.0,6541700,2022-02-28
49393.0,51462.0,46771.0,50911.0,6914900,2022-03-07
50704.0,50934.0,49115.0,49674.0,4211000,2022-03-14
49674.0,52053.0,49115.0,52053.0,4725800,2022-03-21
51913.0,54012.0,51144.0,53313.0,6242500,2022-03-28
53383.0,54082.0,50374.0,50864.0,5180900,2022-04-04
50934.0,54852.0,49115.0,54572.0,5940000,2022-04-12
54572.0,55831.0,48205.0,50374.0,8738100,2022-04-18
49884.0,51004.0,43658.0,49674.0,3568600,2022-04-25
48975.0,49884.0,46526.0,47576.0,1444000,2022-05-04
44847.0,46176.0,39810.0,39810.0,2948000,2022-05-09
40019.0,42678.0,37221.0,41279.0,2435800,2022-05-16
41209.0,42958.0,39180.0,42468.0,2698300,2022-05-23
42538.0,44427.0,41069.0,42888.0,4305500,2022-05-30
42748.0,45055.0,39101.0,42561.0,3169900,2022-06-06
40067.0,41435.0,37814.0,40228.0,3539400,2022-06-13
39101.0,40549.0,31619.0,37412.0,3017800,2022-06-20
37412.0,38216.0,35481.0,37412.0,2086500,2022-06-27
37291.0,37653.0,32946.0,35642.0,2035100,2022-07-04
34596.0,35803.0,34314.0,34837.0,2226600,2022-07-11
35159.0,37090.0,34274.0,36124.0,3286000,2022-07-18
35803.0,35883.0,33671.0,35199.0,3909100,2022-07-25
35320.0,36849.0,34918.0,36205.0,3453200,2022-08-01
36245.0,37653.0,35722.0,36527.0,3741700,2022-08-08
36607.0,38900.0,35923.0,38377.0,5632800,2022-08-15
38377.0,39262.0,37412.0,37894.0,6089200,2022-08-22
37613.0,37613.0,35400.0,36004.0,2184300,2022-08-29
36004.0,36165.0,33148.0,35400.0,3698000,2022-09-05
34998.0,35159.0,32987.0,34435.0,2568610,2022-09-12
33429.0,34918.0,32987.0,34757.0,2794700,2022-09-19
34354.0,34918.0,31458.0,34757.0,3251449,2022-09-26
34194.0,34556.0,32343.0,34113.0,2664143,2022-10-03
32987.0,35803.0,32745.0,35722.0,3463461,2022-10-10
35521.0,35803.0,33107.0,34596.0,3105549,2022-10-17
33791.0,35642.0,32182.0,35038.0,1777069,2022-10-24
35320.0,35561.0,32946.0,32946.0,2228852,2022-10-31
33711.0,34274.0,30734.0,34274.0,1833355,2022-11-07
34153.0,36647.0,32625.0,36124.0,2133274,2022-11-14
36124.0,36688.0,35400.0,36446.0,2229333,2022-11-21
36446.0,38216.0,36205.0,37372.0,2680958,2022-11-28
37372.0,42641.0,36728.0,42641.0,4126531,2022-12-05
43607.0,45377.0,41435.0,43446.0,4200041,2022-12-12
42722.0,45779.0,40791.0,41756.0,2632521,2022-12-19
41837.0,42641.0,36205.0,42641.0,1815154,2022-12-26
41756.0,44894.0,41756.0,42641.0,1791784,2023-01-03
42722.0,44250.0,41837.0,43607.0,1798249,2023-01-09
42802.0,47871.0,42239.0,47469.0,1850744,2023-01-16
46101.0,47710.0,44170.0,44170.0,484858,2023-01-27
42044.0,42722.0,35857.0,37999.0,5828698,2023-01-30
38538.0,40147.0,37653.0,39825.0,3842890,2023-02-06
39423.0,42963.0,38055.0,41489.0,2761037,2023-02-13
41435.0,42561.0,39268.0,41193.0,2396270,2023-02-20
39982.0,41756.0,38554.0,41113.0,1599147,2023-02-27
41113.0,41354.0,39866.0,40549.0,1813134,2023-03-06
39986.0,40549.0,38554.0,39030.0,1860028,2023-03-13
39584.0,40228.0,38779.0,40228.0,1528635,2023-03-20
40308.0,41435.0,39664.0,40308.0,3010488,2023-03-27
40469.0,41274.0,40067.0,40710.0,2687400,2023-04-03
41274.0,41274.0,39946.0,40630.0,2847819,2023-04-10
40710.0,41435.0,40107.0,41354.0,2816105,2023-04-17
41354.0,42802.0,40389.0,42400.0,3638490,2023-04-24
42400.0,42400.0,41113.0,41595.0,758663,2023-05-04
41837.0,41998.0,40308.0,40952.0,1875592,2023-05-08
40952.0,40952.0,39986.0,40469.0,2036065,2023-05-15
40549.0,40549.0,39705.0,40228.0,2313919,2023-05-22
40228.0,40952.0,39946.0,40710.0,2494448,2023-05-29
40791.0,42239.0,40710.0,41274.0,3016103,2023-06-05
41032.0,44653.0,40791.0,43446.0,3752736,2023-06-12
43848.0,45457.0,42722.0,44572.0,2866926,2023-06-19
44572.0,45940.0,43526.0,45296.0,2451550,2023-06-26
45296.0,45699.0,42078.0,43687.0,2167174,2023-07-03
43607.0,44411.0,42400.0,43365.0,3277924,2023-07-10
43365.0,44572.0,41998.0,42641.0,3436598,2023-07-17
42641.0,42883.0,40791.0,41676.0,3723898,2023-07-24
41676.0,41756.0,40871.0,41193.0,3050789,2023-07-31
40871.0,41917.0,40308.0,41193.0,5050088,2023-08-07
41354.0,41354.0,36889.0,37814.0,3967171,2023-08-14
37492.0,39182.0,36688.0,38136.0,2407451,2023-08-21
38377.0,39946.0,37814.0,39906.0,3135665,2023-08-28
40228.0,40228.0,39021.0,39624.0,2913437,2023-09-05
40067.0,40107.0,36808.0,38578.0,3353016,2023-09-11
38538.0,40067.0,37814.0,38860.0,2680204,2023-09-18
39423.0,39423.0,37009.0,38337.0,2395428,2023-09-25
38337.0,38538.0,37130.0,38216.0,2584995,2023-10-02
38337.0,39745.0,37653.0,39584.0,4243318,2023-10-09
39584.0,39745.0,36205.0,37814.0,3315303,2023-10-16
37492.0,38819.0,35909.0,37091.0,2232997,2023-10-23
37046.0,38137.0,34091.0,37955.0,2096377,2023-10-30
37955.0,38546.0,37319.0,38319.0,2662231,2023-11-06
38319.0,38637.0,37728.0,38455.0,3432954,2023-11-13
37819.0,38319.0,36955.0,37637.0,3171967,2023-11-20
37637.0,37909.0,37000.0,37546.0,2916191,2023-11-27
37591.0,37682.0,37000.0,37182.0,3519338,2023-12-04
37273.0,38455.0,37000.0,37728.0,3411282,2023-12-11
37773.0,37773.0,36728.0,37273.0,2875973,2023-12-18
36591.0,37455.0,36591.0,37046.0,3433315,2023-12-25
37091.0,37137.0,36637.0,36955.0,3016613,2024-01-02
36955.0,37409.0,36455.0,36864.0,3353168,2024-01-08
36819.0,37046.0,36409.0,36909.0,2929966,2024-01-15
36909.0,36955.0,36228.0,36682.0,3197673,2024-01-22
36728.0,36728.0,36137.0,36500.0,2381712,2024-01-29
36546.0,38182.0,36091.0,38182.0,2054664,2024-02-05
38137.0,38500.0,37500.0,38137.0,1142784,2024-02-15
38137.0,39364.0,37637.0,39091.0,4414555,2024-02-19
39091.0,39637.0,38637.0,39500.0,5072720,2024-02-26
39955.0,41046.0,39228.0,40910.0,5297838,2024-03-04
40910.0,42546.0,40182.0,42273.0,5847436,2024-03-11
41819.0,42819.0,40182.0,41819.0,7235064,2024-03-18
41728.0,41910.0,40773.0,41228.0,4661310,2024-03-25
41228.0,41228.0,39682.0,40000.0,4179390,2024-04-01
40000.0,40182.0,39091.0,39546.0,5320062,2024-04-08
39137.0,40182.0,36319.0,40182.0,3407854,2024-04-15
39637.0,40364.0,38137.0,39137.0,4899325,2024-04-22
39137.0,39182.0,38273.0,38909.0,1966287,2024-05-02
38819.0,41819.0,38546.0,40409.0,6636085,2024-05-06
40637.0,41410.0,39182.0,40910.0,8569632,2024-05-13
41500.0,48637.0,40910.0,47091.0,19457491,2024-05-20
46455.0,49819.0,44546.0,49819.0,17791507,2024-05-27
50546.0,50910.0,48455.0,49910.0,18411249,2024-06-03
49455.0,51600.0,48910.0,49800.0,17944801,2024-06-10
49600.0,53000.0,48950.0,50500.0,19504608,2024-06-17
50500.0,50600.0,47200.0,49250.0,15197868,2024-06-24
49100.0,53600.0,48250.0,53500.0,18404944,2024-07-01
53800.0,54400.0,51900.0,52900.0,15368086,2024-07-08
52400.0,52900.0,48000.0,50500.0,14600684,2024-07-15
50000.0,51000.0,48000.0,49850.0,12896122,2024-07-22
50100.0,51600.0,46350.0,48850.0,14741884,2024-07-29
47800.0,48250.0,43250.0,46900.0,8772296,2024-08-05
47400.0,48200.0,45850.0,48100.0,11245218,2024-08-12
48300.0,49350.0,48050.0,48700.0,14409909,2024-08-19
49000.0,49000.0,47100.0,47500.0,8677627,2024-08-26
46800.0,47300.0,45600.0,46800.0,4131600,2024-09-04
46800.0,46800.0,45100.0,45950.0,5144455,2024-09-09
46150.0,47300.0,45300.0,46950.0,8945174,2024-09-16
47000.0,48550.0,46400.0,48350.0,12892234,2024-09-23
48300.0,49150.0,46000.0,46000.0,10120883,2024-09-30
46100.0,47100.0,45450.0,46800.0,6698264,2024-10-07
46650.0,47050.0,45900.0,46350.0,6784103,2024-10-14
46500.0,46500.0,44650.0,45100.0,5708140,2024-10-21
45100.0,45500.0,44800.0,45200.0,6464066,2024-10-28
45200.0,47000.0,44650.0,46800.0,6891077,2024-11-04
46800.0,47400.0,45500.0,46500.0,8656755,2024-11-11
46400.0,46700.0,44700.0,46200.0,9205401,2024-11-18
46200.0,49550.0,46100.0,48400.0,16758793,2024-11-25
48600.0,48900.0,47300.0,48400.0,12757032,2024-12-02
48400.0,48550.0,47100.0,47450.0,11663615,2024-12-09
47450.0,48250.0,46400.0,48050.0,13600079,2024-12-16
48350.0,48700.0,47550.0,48350.0,14416571,2024-12-23
48300.0,48350.0,47450.0,47850.0,2947856,2024-12-30
47850.0,48000.0,47100.0,47500.0,3083007,2025-01-02
47350.0,47700.0,44550.0,44900.0,7941246,2025-01-06
44150.0,44350.0,42100.0,42900.0,6715468,2025-01-13
42850.0,43000.0,41850.0,42400.0,5738976,2025-01-20
42400.0,43250.0,42050.0,43050.0,8238001,2025-02-03
42900.0,42900.0,40400.0,41350.0,9257004,2025-02-10
41500.0,41550.0,41000.0,41350.0,1434400,2025-02-17
